ID,Address,Rooms,Type,Price,Date,Bathroom,Car,Landsize,Age,Lattitude,Longtitude
ID140280461,9 Pearce St,3,h,955000.0,16/04/2016,1.0,1.0,202.0,139.0,-37.8196,144.8839
ID397586714,5 Ballater St,5,h,1756000.0,17/09/2016,2.0,5.0,963.0,69.0,-37.7501,144.9048
ID956573078,15 Alma St,4,h,1550000.0,28/08/2016,2.0,4.0,848.0,49.0,-37.8847,145.076
ID490427481,50 Bamfield St,4,h,2700000.0,9/09/2017,2.0,1.0,722.0,129.0,-37.94804,145.00756
ID422846797,8 Watchtower Rd,3,h,675000.0,4/02/2016,1.0,2.0,142.0,14.0,-37.7382,144.97299999999996
ID545578488,2/61 Orient Av,3,u,907800.0,26/08/2017,2.0,2.0,309.0,14.0,-37.82653,145.20261000000005
ID701965482,110 Atkinson St,4,h,1840000.0,29/04/2017,2.0,2.0,598.0,119.0,-37.898,145.0928
ID992654739,27 The Avenue,4,h,1751000.0,17/06/2017,3.0,2.0,564.0,69.0,-37.73666,144.87725
ID993070721,20 Watt St,3,h,965000.0,26/08/2017,1.0,2.0,478.0,5.0,-37.82815,144.87395
ID654644055,22 Warrick Ct,4,h,1600000.0,10/12/2016,3.0,3.0,1801.0,49.0,-37.7532,144.8766
ID208901696,45 Muriel St,3,h,1230000.0,12/08/2017,2.0,1.0,324.0,3.0,-37.7431,144.88721999999999
ID949376454,5 Clarke Dr,5,h,660000.0,17/06/2017,2.0,1.0,536.0,44.0,-37.6852,144.89853
ID574963238,5/125 Locksley Rd,2,u,460000.0,16/04/2016,0.0,0.0,0.0,29.0,-37.7662,145.0516
ID175793745,28 Ray St,4,h,583000.0,15/07/2017,1.0,2.0,757.0,49.0,-37.97369000000001,145.19714
ID773436345,1/3 Steele St,2,u,536000.0,24/09/2016,1.0,1.0,0.0,59.0,-37.8713,145.0515
ID583633684,2/26 Wicklow St,3,u,940000.0,23/04/2016,2.0,1.0,382.0,21.0,-37.9061,145.0478
ID671641555,68 Wilmoth St,2,h,1100000.0,29/04/2017,1.0,1.0,330.0,89.0,-37.7629,145.0165
ID180966505,13 Shaftsbury St,4,h,1742000.0,15/10/2016,2.0,4.0,482.0,13.0,-37.7529,144.9534
ID477809135,7A Downland Sq,4,h,773000.0,24/06/2017,2.0,2.0,344.0,15.0,-37.75861,144.86687
ID554249392,3 Medina Rd,3,h,735000.0,1/07/2017,2.0,2.0,749.0,40.0,-37.723209999999995,144.80882
ID224258908,24 Sycamore Rd,4,h,830000.0,9/09/2017,1.0,4.0,600.0,34.0,-38.16475,145.1345
ID406487107,11 Wunnamurra Dr,3,h,933000.0,16/09/2017,1.0,2.0,613.0,29.0,-37.7349,144.86225
ID912163070,9 Lyric St,4,h,1117000.0,25/02/2017,3.0,2.0,325.0,14.0,-37.7822,144.8922
ID230403498,43 Mayston St,3,h,1625000.0,22/05/2016,1.0,3.0,372.0,64.0,-37.8267,145.054
ID158136264,101 Evell St,3,h,690000.0,13/05/2017,1.0,2.0,650.0,69.0,-37.699,144.9421
ID768717685,6/25 River St,2,u,795250.0,3/09/2016,1.0,2.0,0.0,22.0,-37.8164,145.0136
ID654120517,70 Anderson St,3,h,1262000.0,16/09/2017,2.0,2.0,343.0,39.0,-37.844609999999996,144.87515
ID720622530,67 Hurtle St,3,h,1180000.0,17/09/2016,2.0,2.0,617.0,89.0,-37.7742,144.906
ID821085770,8 Cloverdale Rd,5,h,2180000.0,24/06/2017,3.0,2.0,595.0,59.0,-37.85775,145.07196000000005
ID327585517,31 Chappell Pl,4,h,981000.0,19/08/2017,2.0,2.0,633.0,39.0,-37.7393,144.86338999999995
ID253270354,5 Rubens Ct,4,h,1035000.0,27/05/2017,2.0,2.0,702.0,7.0,-37.91075,145.18758
ID407223038,40 Hodder St,3,h,1635000.0,13/05/2017,1.0,1.0,597.0,94.0,-37.9064,145.0229
ID250929828,5 Railway Pl,3,h,1010000.0,12/11/2016,2.0,2.0,250.0,16.0,-37.8667,144.903
ID341837929,5 Stanley St,3,h,1465000.0,10/09/2016,1.0,2.0,630.0,59.0,-37.7635,145.039
ID384496297,16 Stennis St,4,h,955000.0,4/03/2017,2.0,2.0,686.0,69.0,-37.731,144.9486
ID329603973,10A Head St,3,h,1380000.0,8/04/2017,2.0,1.0,548.0,3.0,-37.8021,145.0637
ID584682029,5/185 Brunswick Rd,4,t,860000.0,7/05/2016,2.0,1.0,95.0,139.0,-37.7772,144.9653
ID291518862,20 Penn Ct,3,h,662000.0,7/05/2016,2.0,2.0,620.0,59.0,-37.7034,144.9663
ID937288912,12/440 Stud Rd,3,u,622000.0,15/07/2017,1.0,1.0,137.0,7.0,-37.87615,145.23192
ID903750122,88 Victoria St,3,h,875000.0,18/03/2017,1.0,0.0,262.0,39.0,-37.8022,144.8924
ID753055161,2/13 Fenacre St,3,h,622500.0,16/07/2016,2.0,2.0,254.0,15.0,-37.7302,144.9167
ID838010622,18 Normanby Rd,3,h,930000.0,16/04/2016,1.0,2.0,588.0,59.0,-37.9286,145.069
ID957643730,16 Clauscen St,4,h,1280000.0,12/11/2016,2.0,2.0,681.0,49.0,-37.7646,145.1167
ID614022875,31 Molesworth St,3,h,2200000.0,17/06/2017,2.0,2.0,142.0,19.0,-37.84961,145.01113
ID581664696,30 Cedar St,2,h,1001000.0,26/07/2016,2.0,1.0,255.0,129.0,-37.8887,145.0207
ID246019413,22 Bayview St,3,t,1460000.0,10/12/2016,2.0,2.0,506.0,9.0,-37.8658,144.8857
ID508370104,27 Earl St,3,h,1410000.0,24/09/2016,1.0,1.0,519.0,27.0,-37.796,145.0377
ID611675766,9 Baird St,4,h,2720000.0,24/06/2017,3.0,2.0,792.0,28.0,-37.92882,145.01109
ID820336786,4/167 Murrumbeena Rd,1,u,331000.0,18/03/2017,1.0,1.0,0.0,99.0,-37.8961,145.0651
ID278000388,5/10 Elaine Ct,2,u,807000.0,27/11/2016,2.0,2.0,0.0,19.0,-37.8128,145.0139
ID407182571,2/36 Selwyn St,3,u,600000.0,27/05/2017,2.0,2.0,247.0,6.0,-37.779759999999996,144.81559
ID698372335,5/36 King St,2,u,395000.0,18/03/2017,1.0,1.0,0.0,44.0,-37.7461,144.9058
ID305753384,22 Watersedge Cl,4,h,1040000.0,15/07/2017,2.0,2.0,633.0,44.0,-37.88214,145.25058
ID551297313,81 Carter St,2,h,1335000.0,8/04/2017,1.0,1.0,107.0,119.0,-37.8468,144.9612
ID232649445,915 Park St,3,h,1172000.0,12/11/2016,1.0,2.0,512.0,17.0,-37.7758,144.9435
ID955766583,36 Southampton St,2,h,910000.0,17/06/2017,1.0,0.0,312.0,131.0,-37.79592,144.88595
ID941849360,16/116 Arthurton Rd,2,u,418000.0,7/05/2016,1.0,1.0,1882.0,8.0,-37.768,144.9895
ID494701569,61 Durham Rd,5,h,2100000.0,17/09/2016,4.0,3.0,827.0,49.0,-37.8323,145.0904
ID734798423,69 Aberfeldie St,4,h,1780000.0,4/03/2017,3.0,2.0,615.0,99.0,-37.7617,144.9052
ID743207031,68 Thompson St,3,h,680000.0,6/08/2016,1.0,2.0,570.0,49.0,-37.7591,144.8542
ID888703992,18 Fitzgerald St,4,h,3180000.0,10/12/2016,3.0,4.0,1148.0,59.0,-37.8088,145.0991
ID746085560,43 Kingsley Rd,3,h,865000.0,10/09/2016,1.0,3.0,560.0,69.0,-37.721,144.9885
ID553368318,15 Grandison St,1,h,1425500.0,8/07/2017,1.0,1.0,552.0,39.0,-37.76075,144.91926999999995
ID514607302,5 Gwelo St,3,h,935000.0,27/11/2016,2.0,3.0,466.0,79.0,-37.8019,144.8663
ID884526501,2 Pembroke Rd,3,h,2950000.0,28/05/2016,2.0,2.0,650.0,10.0,-37.8167,145.0797
ID915179153,17 Cityview Rd,5,h,1940000.0,27/05/2017,2.0,1.0,629.0,79.0,-37.79238,145.07841000000005
ID871841441,167 Victoria Dr,3,h,740000.0,3/06/2017,2.0,2.0,545.0,36.0,-37.68403,144.99246000000005
ID545047269,4 Vine Gr,4,h,1830000.0,10/09/2016,2.0,2.0,687.0,36.0,-37.8931,145.0479
ID744059961,8 Pescott Cl,4,t,1270000.0,18/06/2016,2.0,2.0,399.0,14.0,-37.8597,145.1084
ID355809594,124 Rathcown Rd,2,h,680000.0,27/06/2016,1.0,1.0,750.0,59.0,-37.7089,145.0192
ID247425638,175 Douglas Pde,3,h,1360000.0,22/05/2016,1.0,1.0,477.0,89.0,-37.8516,144.8949
ID430233025,43 Molesworth St,4,h,800000.0,8/07/2017,2.0,0.0,1151.0,50.0,-38.11336,145.15035
ID771854967,984 Lygon St,2,h,1150000.0,24/09/2016,1.0,2.0,373.0,49.0,-37.7828,144.9702
ID297721301,6 Wynnstay Rd,3,h,1240000.0,4/03/2017,1.0,0.0,223.0,74.0,-37.8527,145.0088
ID724061812,1/38 Donald St,2,t,1540000.0,22/05/2016,2.0,1.0,113.0,74.0,-37.8481,144.9869
ID670739280,15 Charles St,2,h,1950000.0,22/07/2017,1.0,1.0,858.0,20.0,-37.82559000000001,145.11236
ID455888000,55 Livingstone St,4,h,1650000.0,8/04/2017,2.0,1.0,589.0,109.0,-37.7671,145.037
ID766433985,58 Teddington Rd,3,h,1320000.0,18/06/2016,2.0,2.0,320.0,49.0,-37.9364,145.02100000000004
ID691613983,6/86 Heller St,2,u,537000.0,22/08/2016,1.0,1.0,501.0,59.0,-37.7741,144.9449
ID987529784,6 Prefect St,4,h,1715000.0,18/06/2016,3.0,2.0,650.0,18.0,-37.7363,144.9208
ID757049278,12 Borrie St,3,h,703000.0,18/06/2016,2.0,1.0,597.0,59.0,-37.7066,145.0203
ID168574055,40 Grove Rd,4,h,548000.0,12/08/2017,2.0,2.0,400.0,9.0,-37.5951,144.9091
ID403025143,35 May St,2,h,610000.0,24/09/2016,1.0,2.0,691.0,11.0,-37.834,144.8553
ID226593760,47 Charles St,3,h,1600000.0,22/05/2016,2.0,1.0,261.0,139.0,-37.803000000000004,144.9806
ID669218339,8/3 Kooyongkoot Rd,2,u,450000.0,1/07/2017,1.0,1.0,2338.0,79.0,-37.83032,145.03898999999996
ID647289085,99 Merton St,3,h,1900000.0,27/05/2017,1.0,1.0,186.0,129.0,-37.84431,144.95532
ID998464649,10 Tyler St,3,h,550000.0,8/10/2016,2.0,1.0,164.0,69.0,-37.7335,145.0374
ID567617959,2/619 Toorak Rd,2,u,1010000.0,8/04/2017,2.0,2.0,586.0,29.0,-37.8427,145.0236
ID313898745,36/86 Burnley St,2,u,550000.0,6/08/2016,1.0,2.0,0.0,19.0,-37.815,145.0089
ID896175967,11 Asquith St,4,h,750000.0,3/09/2017,1.0,6.0,953.0,119.0,-37.69693,145.0079
ID149097934,77 Fraser Av,3,h,837000.0,23/09/2017,1.0,1.0,441.0,49.0,-38.03804,145.11728
ID601091811,2 Burge Cr,4,h,650000.0,22/07/2017,2.0,2.0,680.0,34.0,-37.86821,144.69566
ID201789692,5/118 Miller St,2,h,650000.0,28/08/2016,1.0,1.0,0.0,39.0,-37.777,144.9838
ID796925513,17 Hamilton St,5,h,3028000.0,18/03/2017,5.0,4.0,696.0,89.0,-37.7974,145.0491
ID951056437,19 Anselm Gr,3,h,815000.0,3/09/2017,1.0,1.0,697.0,89.0,-37.70239,144.91289
ID175766527,61 Weatherall Rd,4,h,1500000.0,24/06/2017,2.0,3.0,724.0,54.0,-37.97076,145.04186
ID395197142,124 Victoria St,3,h,2478000.0,19/08/2017,2.0,1.0,205.0,134.0,-37.79933,144.97932
ID664075171,14 Herbert St,3,h,585000.0,17/09/2016,1.0,2.0,322.0,7.0,-37.7686,144.8576
ID831586509,5/8 Murray St,2,u,500000.0,16/07/2016,1.0,1.0,0.0,49.0,-37.7595,144.9436
ID449830509,15/104 Rowena Pde,1,u,355000.0,24/06/2017,1.0,0.0,1082.0,49.0,-37.8211,144.99549
ID554238722,41 Dunstan Pde,3,h,1305000.0,22/05/2016,2.0,2.0,303.0,12.0,-37.8369,144.9183
ID430662129,2/25 El Nido Gr,2,t,707000.0,13/08/2016,1.0,1.0,144.0,19.0,-37.891999999999996,145.0482
ID133247978,88 Chirnside St,1,h,750000.0,15/10/2016,1.0,0.0,272.0,119.0,-37.8086,144.8824
ID415680891,10 Whyte St,4,h,2385000.0,27/05/2017,3.0,2.0,373.0,39.0,-37.92465,144.9992
ID162783981,9 Pitt St,4,h,1950000.0,28/05/2016,2.0,2.0,844.0,79.0,-37.8715,145.0688
ID889630566,30 Lorgrove Ct,4,h,1600000.0,29/04/2017,3.0,3.0,857.0,59.0,-37.7619,144.866
ID365728739,2/21 Gisborne St,2,h,1160000.0,12/11/2016,2.0,2.0,155.0,8.0,-37.8887,145.0046
ID145575631,24 Wallace Rd,3,h,1521000.0,15/10/2016,2.0,2.0,660.0,54.0,-37.8474,145.0988
ID475867542,208/102 Wells St,2,u,600000.0,7/11/2016,2.0,1.0,0.0,24.0,-37.828,144.9683
ID432488264,3/8 Rayner St,2,t,597500.0,22/04/2017,1.0,2.0,178.0,10.0,-37.8701,144.8209
ID361075402,99 Eglinton St,4,h,1940000.0,8/04/2017,2.0,3.0,675.0,99.0,-37.7686,144.912
ID700801429,14 Paul Av,3,h,1076500.0,9/09/2017,1.0,1.0,638.0,58.0,-37.739509999999996,144.86798000000005
ID301937839,35 Myrtle Rd,4,h,3145000.0,27/11/2016,2.0,2.0,796.0,7.0,-37.8266,145.072
ID410681420,19 Davey Rd,3,h,1160000.0,27/05/2017,2.0,1.0,1125.0,64.0,-37.71541,145.11666
ID681009023,35 Angus St,3,h,591000.0,22/05/2016,1.0,1.0,557.0,54.0,-37.7079,144.9432
ID537968630,71 Victor Rd,4,h,1475000.0,18/03/2017,2.0,2.0,674.0,16.0,-37.9272,145.0786
ID578932072,24/157 Epsom Rd,3,u,825000.0,15/07/2017,2.0,2.0,2905.0,14.0,-37.782579999999996,144.91693999999995
ID177374268,1/14 Ludeman Ct,2,u,433000.0,27/06/2016,1.0,1.0,236.0,7.0,-37.6984,144.9997
ID705137721,28 Mayston St,3,h,2680000.0,27/05/2017,2.0,4.0,522.0,59.0,-37.827009999999994,145.0541
ID184651429,13 Bridge Rd,3,h,341000.0,15/07/2017,2.0,4.0,578.0,8.0,-37.71432,144.57431
ID781495190,206 Nott St,2,h,1130000.0,22/05/2016,1.0,1.0,159.0,7.0,-37.8356,144.9436
ID217524049,38 Rourke La,2,h,732000.0,18/06/2016,2.0,1.0,94.0,17.0,-37.7934,144.9166
ID599657357,2/35 Boisdale St,2,u,825000.0,13/05/2017,1.0,2.0,180.0,49.0,-37.8351,145.10299999999995
ID735626274,6 Hill St,3,h,815000.0,25/02/2017,2.0,3.0,555.0,59.0,-37.8318,144.8388
ID967692421,1/38 Lynch St,1,u,357000.0,6/08/2016,1.0,0.0,0.0,39.0,-37.7964,144.9027
ID661630383,2/26 Renown St,2,u,532500.0,18/03/2017,1.0,1.0,168.0,49.0,-37.73,144.9629
ID286340470,6 Virtue Wy,4,h,595000.0,22/07/2017,2.0,2.0,420.0,4.0,-37.59386,144.90008999999995
ID446260015,6/112 Ballantyne St,1,u,260000.0,10/09/2016,1.0,1.0,0.0,49.0,-37.7574,144.9907
ID572579785,8 Dendy St,3,h,2030000.0,28/08/2016,2.0,2.0,366.0,26.0,-37.9193,144.9898
ID773426881,4 Melba Ct,5,h,3250000.0,3/12/2016,5.0,2.0,651.0,34.0,-37.8071,145.0908
ID966587734,13/182 Albert Rd,2,u,595000.0,7/11/2016,1.0,1.0,0.0,15.0,-37.8369,144.968
ID628134323,20 Mayfield Dr,4,h,721000.0,16/09/2017,2.0,2.0,603.0,39.0,-37.673629999999996,145.06796
ID982246729,28 Garfield Av,4,h,1450000.0,23/09/2017,2.0,2.0,590.0,79.0,-37.90433,145.05163000000005
ID486368159,18A New St,2,h,1460000.0,19/08/2017,1.0,1.0,181.0,89.0,-37.8542,145.01506
ID411328562,8 Bower Wy,3,h,481000.0,9/09/2017,2.0,1.0,359.0,8.0,-37.5875,145.11883999999995
ID821683350,216/5 Alma Rd,1,u,475000.0,11/02/2017,1.0,1.0,0.0,40.0,-37.8605,144.9834
ID251696485,21 Hughes Pde,3,h,758000.0,3/09/2017,1.0,2.0,558.0,69.0,-37.69968,145.0054
ID415680891,10 Whyte St,4,h,2385000.0,27/05/2017,3.0,2.0,373.0,39.0,-37.92465,144.9992
ID448174478,3 Estelle St,3,h,1045000.0,11/02/2017,1.0,2.0,602.0,69.0,-37.8923,145.1013
ID656065500,64 Henkel St,3,h,990000.0,19/11/2016,2.0,1.0,194.0,59.0,-37.7653,144.9567
ID307726846,6 Forest St,2,h,981000.0,17/09/2016,1.0,0.0,188.0,119.0,-37.7964,144.9923
ID873740789,7 Ballantyne St,3,h,1450000.0,26/08/2017,1.0,1.0,312.0,56.0,-37.7587,144.99966
ID634542589,1/191 New St,2,u,900000.0,14/05/2016,2.0,1.0,118.0,49.0,-37.914,144.9914
ID777762736,5/18 Barkly St,1,u,346000.0,6/05/2017,1.0,1.0,678.0,59.0,-37.8585,144.983
ID944115088,133 MacEdon Rd,4,h,945000.0,18/06/2016,2.0,2.0,675.0,34.0,-37.764,145.1145
ID907911774,27 Charming St,3,h,1255000.0,13/08/2016,2.0,2.0,614.0,59.0,-37.9346,145.0302
ID630176339,57 Combarton St,6,h,2150500.0,24/06/2017,3.0,3.0,786.0,59.0,-37.826159999999994,145.12748
ID421859278,102 Graham St,3,h,2155000.0,8/04/2017,2.0,0.0,130.0,131.0,-37.8453,144.94899999999996
ID961231337,61 Mooltan St,3,h,1257000.0,13/08/2016,2.0,1.0,337.0,89.0,-37.7813,144.9371
ID145688220,133 Morell St,3,h,780000.0,3/09/2017,1.0,3.0,618.0,59.0,-37.69836,144.93891000000005
ID373938262,1/58 Coorigil Rd,2,u,605000.0,27/11/2016,1.0,1.0,0.0,46.0,-37.8956,145.0613
ID808987297,54 Pine St,3,h,793000.0,26/07/2016,1.0,2.0,589.0,69.0,-37.7195,144.9982
ID912301136,1/35 Cromwell Rd,3,h,1400000.0,25/02/2017,2.0,2.0,0.0,14.0,-37.8433,145.0001
ID884791403,30 Robb St,4,h,1900000.0,3/12/2016,1.0,2.0,733.0,89.0,-37.7587,144.91
ID279435814,39 Leamington St,4,h,885000.0,28/05/2016,2.0,2.0,508.0,69.0,-37.7129,145.0047
ID789117763,27 Charles St,2,h,1030000.0,30/07/2016,1.0,1.0,172.0,89.0,-37.8086,144.9946
ID164258720,91 Arthurton Rd,3,h,1255000.0,10/09/2016,2.0,1.0,259.0,109.0,-37.7687,144.9922
ID292917457,98 Canterbury St,2,h,1090000.0,3/09/2017,1.0,2.0,263.0,129.0,-37.781279999999995,144.92325
ID226275042,62 Donald St,3,h,1771000.0,16/09/2017,2.0,1.0,240.0,119.0,-37.8469,144.98705
ID323555629,2/3 Wonga Ct,2,t,486500.0,8/10/2016,1.0,1.0,0.0,59.0,-37.9082,145.0681
ID566669927,8 Markhill Pl,4,h,1218000.0,27/05/2017,2.0,2.0,900.0,25.0,-37.87695,145.2547
ID752190335,2/1021 Toorak Rd,2,u,590000.0,18/03/2017,1.0,1.0,0.0,49.0,-37.847,145.0672
ID734778299,18 Chandlers Rd,3,h,2250000.0,13/05/2017,2.0,2.0,192.0,9.0,-37.8654,145.0297
ID406903884,19 Tussock Gr,4,h,720000.0,27/05/2017,2.0,2.0,595.0,20.0,-37.762029999999996,144.77764
ID433502989,404/101 Bay St,2,u,550000.0,4/02/2016,1.0,1.0,0.0,7.0,-37.8408,144.94
ID389124508,21A Scotia St,3,h,1055000.0,3/12/2016,2.0,2.0,0.0,10.0,-37.7688,144.9054
ID223156927,53 Doyle St,3,h,760000.0,22/04/2017,1.0,1.0,585.0,59.0,-37.7574,144.8574
ID606491507,56 Verdon St,3,h,2910000.0,4/03/2017,3.0,2.0,515.0,29.0,-37.8609,144.8947
ID457356018,1/3 Boldrewood Pde,3,h,500000.0,8/10/2016,1.0,1.0,320.0,15.0,-37.7248,145.023
ID968515343,3 Churchill Cl,3,t,1160000.0,4/06/2016,2.0,2.0,302.0,19.0,-37.9043,145.0622
ID359459487,3/238 Cumberland Rd,2,u,496000.0,13/05/2017,1.0,1.0,136.0,59.0,-37.7218,144.9406
ID954887560,17 The Grange,4,h,2250000.0,4/03/2017,1.0,2.0,720.0,49.0,-37.8753,145.0532
ID495551197,30/188 Faraday St,2,u,589000.0,28/05/2016,1.0,1.0,0.0,20.0,-37.7986,144.9682
ID533885064,10/20 Cromwell Rd,1,u,410000.0,12/08/2017,1.0,1.0,0.0,59.0,-37.8446,145.00018
ID401933385,45 Radio St,3,h,695000.0,15/10/2016,1.0,2.0,214.0,12.0,-37.7798,144.8661
ID924162056,18 Linton St,4,h,1819000.0,3/09/2016,2.0,1.0,244.0,119.0,-37.8668,144.9928
ID982027406,9 Gray Ct,3,h,610000.0,1/07/2017,1.0,2.0,563.0,30.0,-37.7627,144.81107
ID827987466,9 Sunview Pl,4,h,950000.0,8/07/2017,4.0,2.0,603.0,12.0,-38.06788,145.33966999999996
ID908143691,2/50 Gibdon St,3,h,1100000.0,17/06/2017,2.0,2.0,1212.0,9.0,-37.82982,145.01038
ID904231027,35 Lindenow St,3,h,876000.0,8/07/2017,1.0,2.0,420.0,2.0,-37.77915,144.88137
ID192767652,4 Hawksburn Rd,4,h,2920000.0,27/05/2017,2.0,2.0,564.0,99.0,-37.84405,145.0016
ID833198778,78 Hillsyde Pde,3,h,905000.0,3/09/2016,2.0,2.0,662.0,59.0,-37.7356,144.9242
ID380806964,307/242 Glen Huntly Rd,3,u,900000.0,15/07/2017,2.0,2.0,0.0,64.0,-37.88472,145.00025
ID140118389,18/41 Kooyong Rd,2,u,645000.0,8/10/2016,1.0,1.0,0.0,59.0,-37.8596,145.0198
ID792541101,14 Hedderwick St,4,h,1550000.0,18/06/2016,3.0,4.0,707.0,5.0,-37.8005,145.0986
ID415983259,1 Graeme Cl,4,h,2000000.0,10/12/2016,3.0,2.0,507.0,33.0,-37.7738,145.1308
ID278950461,221/253 Bridge Rd,2,u,419000.0,22/07/2017,1.0,1.0,3512.0,8.0,-37.81828,144.99788999999996
ID843829888,57 Edward St,3,h,1200000.0,3/09/2017,2.0,1.0,249.0,94.0,-37.77394,144.96317
ID316986237,116 Farrell St,2,h,1010000.0,24/09/2016,1.0,1.0,139.0,59.0,-37.8342,144.9393
ID478535174,17 Minogue St,5,h,2100000.0,18/06/2016,3.0,2.0,695.0,69.0,-37.7904,145.0548
ID910536287,19/9 Fabian Ct,2,t,408000.0,18/06/2016,1.0,1.0,85.0,39.0,-37.7732,144.8927
ID988518274,6/4 Ballater St,2,u,521000.0,10/09/2016,1.0,1.0,0.0,49.0,-37.7504,144.9051
ID470844453,344 High St,3,h,2302000.0,4/03/2017,1.0,4.0,440.0,124.0,-37.8528,144.9994
ID501741969,2/22 Sadie St,2,u,410000.0,15/10/2016,1.0,2.0,200.0,19.0,-37.7002,144.9428
ID319465814,11 Tarwarri Pl,4,h,1580000.0,17/06/2017,2.0,2.0,724.0,7.0,-37.85646,145.14311
ID297790587,2/4 Grimwade Ct,2,u,437000.0,1/07/2017,1.0,2.0,351.0,19.0,-37.65099,145.04663
ID506169133,33 Schulz St,4,h,1010000.0,13/08/2016,1.0,2.0,658.0,69.0,-37.9343,145.0607
ID584232889,15 Barry St,6,h,6500000.0,13/08/2016,6.0,3.0,1334.0,129.0,-37.8029,145.0267
ID606449721,8 Ipswich St,3,h,645000.0,3/09/2017,1.0,0.0,539.0,59.0,-37.74845,144.8144
ID265325555,42 Frensham Rd,3,h,835000.0,17/06/2017,2.0,1.0,447.0,22.0,-37.71627,145.08526
ID812220838,158 Mary St,3,h,1285000.0,16/07/2016,2.0,1.0,133.0,114.0,-37.8246,145.0012
ID512716540,19 Balcombe St,3,h,555000.0,4/06/2016,1.0,1.0,565.0,79.0,-37.7781,144.8451
ID320794035,17 Ascot St,2,h,705000.0,27/06/2016,1.0,3.0,252.0,109.0,-37.7825,144.9206
ID406471340,5 Wattle Gr,3,h,1855000.0,22/08/2016,1.0,1.0,304.0,119.0,-37.8253,145.0287
ID696114147,16a Billson St,2,h,980000.0,4/06/2016,1.0,1.0,247.0,79.0,-37.917,145.0137
ID796314927,26/12 Clyde St,2,u,530000.0,4/03/2017,1.0,1.0,6186.0,18.0,-37.8656,144.9782
ID732223075,31 Orchard St,5,h,2100000.0,16/04/2016,5.0,2.0,552.0,99.0,-37.9012,144.997
ID670899555,73 Mareeba Wy,4,h,523000.0,19/08/2017,2.0,2.0,484.0,10.0,-37.58012,144.91998
ID784434219,24 Outlook Dr,3,h,1250000.0,19/11/2016,2.0,2.0,900.0,49.0,-37.7902,145.1344
ID457325163,2/16 Cheddar Rd,2,t,490000.0,4/03/2017,1.0,1.0,91.0,5.0,-37.713,145.0108
ID725418401,10 Huntingdale Ct,6,h,506000.0,27/05/2017,2.0,2.0,655.0,22.0,-37.59052,144.93066000000005
ID931608078,25 Palmer St,4,h,1775000.0,27/11/2016,1.0,0.0,434.0,119.0,-37.8185,145.0061
ID327958846,3 Whitton Ct,4,h,1730000.0,12/08/2017,2.0,2.0,675.0,6.0,-37.96678,145.02223
ID143334896,38 Northam Rd,3,h,1338000.0,7/05/2016,2.0,2.0,610.0,49.0,-37.9231,145.066
ID563809920,109 Rossmoyne St,3,h,1570000.0,24/09/2016,2.0,1.0,377.0,99.0,-37.7578,145.0076
ID993638363,2/3 Andrews St,2,u,475000.0,28/05/2016,1.0,2.0,247.0,45.0,-37.7502,145.069
ID344976348,1/7 Glenmore St,1,u,288000.0,12/06/2016,1.0,1.0,774.0,49.0,-37.8241,145.1262
ID978130879,16 Smith St,3,h,772000.0,15/10/2016,1.0,1.0,367.0,69.0,-37.728,144.963
ID438292214,56 Jacks Av,3,h,736000.0,12/08/2017,1.0,1.0,545.0,39.0,-37.98504000000001,145.12892
ID957191471,11 Amore Dr,3,h,555000.0,23/09/2017,2.0,1.0,156.0,39.0,-37.794979999999995,144.79545
ID399285036,7 Thompson Ct,3,h,510000.0,3/09/2017,1.0,1.0,614.0,49.0,-37.89152,144.68345
ID356150603,1/3 Vine St,3,t,502000.0,4/03/2017,1.0,1.0,220.0,8.0,-37.785,144.8561
ID985271223,34 Alfred St,3,h,3065000.0,30/07/2016,2.0,3.0,773.0,109.0,-37.8107,145.05100000000004
ID840189456,3 Pennington St,3,h,941000.0,13/05/2017,1.0,1.0,703.0,54.0,-37.746,144.8651
ID711547788,7 Pridham St,5,h,1151000.0,27/06/2016,2.0,5.0,694.0,69.0,-37.7819,144.8901
ID395204286,95 Rosanna Rd,3,h,1705000.0,10/09/2016,1.0,2.0,1547.0,49.0,-37.7502,145.0706
ID296286864,3/20 Mulga St,3,u,577000.0,23/04/2016,2.0,1.0,205.0,12.0,-37.8684,144.815
ID443762711,187 Gilbert Rd,3,h,850000.0,22/08/2016,2.0,1.0,0.0,91.0,-37.7451,144.9888
ID436231021,4 Bell St,4,h,1790000.0,27/06/2016,1.0,1.0,416.0,99.0,-37.7737,144.965
ID750063485,6/24 Kensington Rd,2,t,1365000.0,8/10/2016,2.0,1.0,1302.0,129.0,-37.8377,145.0021
ID561010241,1 Hinkler St,3,h,925000.0,8/04/2017,1.0,2.0,597.0,69.0,-37.7888,144.8511
ID949837200,3 Barwon Ct,3,h,735000.0,15/07/2017,2.0,1.0,721.0,35.0,-37.91713,145.24706
ID126355874,8 Fulham Cl,3,h,750000.0,26/08/2017,1.0,2.0,698.0,59.0,-38.16624,145.13297
ID592356372,53 Bridge St,4,h,3325000.0,25/02/2017,3.0,2.0,627.0,22.0,-37.9449,145.0068
ID909808516,309/416 Gore St,2,u,790000.0,22/08/2016,1.0,1.0,0.0,19.0,-37.7967,144.9836
ID678060850,45 Stanley St,2,h,852500.0,6/08/2016,1.0,2.0,832.0,9.0,-37.7126,144.9122
ID771136243,1/52 Elder Pde,3,u,820000.0,28/08/2016,1.0,1.0,0.0,104.0,-37.751999999999995,144.9079
ID451881151,24 Hilma St,4,h,682000.0,26/08/2017,1.0,2.0,534.0,49.0,-37.79161,144.80461
ID840325614,3/11 Martell St,2,u,310000.0,17/06/2017,1.0,1.0,171.0,11.0,-37.68489,144.9212
ID754426227,10 Roslyn St,5,h,915000.0,16/04/2016,3.0,4.0,754.0,29.0,-37.7298,144.9162
ID300453884,52 Parramatta Rd,4,h,490500.0,3/09/2017,2.0,2.0,586.0,18.0,-37.88639000000001,144.6555
ID188013888,47 Boyne St,3,h,745000.0,18/03/2017,1.0,3.0,473.0,69.0,-37.7316,144.9789
ID122552136,94 Burlington St,3,h,880000.0,7/11/2016,1.0,1.0,670.0,94.0,-37.9033,145.1006
ID505051497,8 Fitzpatrick St,3,t,1450000.0,19/11/2016,2.0,1.0,146.0,129.0,-37.8331,144.9665
ID897236830,63 Victoria Rd,5,h,2250000.0,14/05/2016,2.0,2.0,452.0,117.0,-37.8223,145.0494
ID850216227,78 Thomas St,4,h,1686500.0,3/12/2016,2.0,2.0,664.0,54.0,-37.9394,145.0099
ID961372780,4/63 Carlisle St,2,u,533000.0,22/07/2017,1.0,1.0,463.0,59.0,-37.86761,144.98337
ID488619212,40 Tarneit Rd,3,h,597000.0,29/07/2017,1.0,1.0,672.0,6.0,-37.89402000000001,144.66276000000005
ID200295346,4/10 Ardoch St,2,u,453000.0,19/11/2016,1.0,1.0,0.0,49.0,-37.7494,144.921
ID430000794,6 Robinson St,4,h,1640000.0,16/07/2016,2.0,1.0,435.0,99.0,-37.7601,144.9228
ID666315312,4 Barry St,2,h,950000.0,29/07/2017,1.0,0.0,114.0,59.0,-37.78024,144.99289
ID342858941,7/89 Station Rd,2,u,340000.0,12/11/2016,1.0,1.0,0.0,49.0,-37.7071,144.9176
ID804982421,268 Faraday St,1,u,435000.0,13/08/2016,1.0,1.0,0.0,19.0,-37.7982,144.9651
ID642456729,79 Lincoln Rd,4,h,1726000.0,18/03/2017,2.0,2.0,705.0,44.0,-37.7497,144.9089
ID956808489,3/24 Mashoobra St,2,u,330000.0,22/04/2017,1.0,1.0,0.0,49.0,-37.7218,144.9563
ID406667774,44 Golf Rd,4,h,1390000.0,22/07/2017,2.0,2.0,558.0,9.0,-37.91917,145.08807
ID557240375,2 Hood St,4,h,1158000.0,23/04/2016,1.0,3.0,411.0,109.0,-37.8117,144.8873
ID910665349,5 Rigby St,3,h,881000.0,3/06/2017,1.0,2.0,538.0,49.0,-38.07405,145.13211
ID146945022,14 Lennox St,3,h,1020000.0,18/03/2017,1.0,1.0,248.0,59.0,-37.8157,144.8925
ID343522930,5/78 Moonya Rd,3,t,675000.0,4/06/2016,2.0,1.0,0.0,29.0,-37.8972,145.0642
ID393380630,22 Lowther St,3,h,1165000.0,27/06/2016,1.0,2.0,979.0,54.0,-37.7792,145.029
ID853409140,8/21 Hampton Pde,1,u,241000.0,11/02/2017,1.0,1.0,0.0,69.0,-37.8067,144.8678
ID817960749,112 Asling St,4,h,2000000.0,25/02/2017,2.0,2.0,471.0,109.0,-37.8956,145.0037
ID526821621,21 Liscard St,3,h,1800000.0,16/04/2016,2.0,2.0,492.0,114.0,-37.8789,145.0048
ID777041733,8/122 Sackville St,2,u,450000.0,28/05/2016,1.0,1.0,0.0,49.0,-37.7988,144.9912
ID565884242,36 Bossington St,3,h,1218500.0,17/06/2017,1.0,2.0,673.0,69.0,-37.91693,145.08739
ID165961049,50 Hick St,3,h,1320000.0,8/04/2017,1.0,3.0,738.0,25.0,-37.826,144.8769
ID414680961,8/121 Thomas St,2,u,802000.0,3/12/2016,1.0,1.0,0.0,54.0,-37.939,145.0137
ID624894280,20 Balmoral St,3,h,730000.0,11/03/2017,2.0,2.0,544.0,49.0,-37.7815,144.855
ID596840810,338 Separation St,2,t,701000.0,17/09/2016,1.0,1.0,0.0,19.0,-37.7711,145.013
ID225536844,15 Ada St,4,h,1005800.0,17/06/2017,2.0,2.0,502.0,16.0,-37.92985,145.25184
ID253560625,27 thomson St,2,h,955000.0,19/11/2016,1.0,0.0,148.0,107.0,-37.8084,144.8907
ID336520054,262 Union Rd,4,h,3290000.0,22/05/2016,3.0,2.0,1007.0,109.0,-37.8135,145.0995
ID846543538,60 Cummins Rd,3,h,1300000.0,7/05/2016,2.0,3.0,619.0,69.0,-37.927,145.0267
ID195780276,10 Alexander Cl,3,h,560000.0,15/07/2017,2.0,2.0,543.0,24.0,-37.7143,144.77096
ID224258908,24 Sycamore Rd,4,h,830000.0,9/09/2017,1.0,4.0,600.0,34.0,-38.16475,145.1345
ID656513777,1/173 Glen Huntly Rd,2,u,810000.0,17/06/2017,1.0,1.0,0.0,84.0,-37.8835,144.99549
ID404142024,7/765 Malvern Rd,2,u,620000.0,4/03/2017,1.0,1.0,1119.0,11.0,-37.8498,145.0173
ID604462882,13/297 Dorcas St,3,t,1750000.0,12/08/2017,3.0,2.0,100.0,38.0,-37.83453,144.95782
ID431991986,260 Union Rd,3,h,1750000.0,12/08/2017,3.0,1.0,790.0,93.0,-37.813629999999996,145.09942
ID580660843,28 Through Rd,3,h,750000.0,24/06/2017,1.0,1.0,446.0,64.0,-37.7987,145.23032
ID669655107,17 Barnard Ct,3,h,735000.0,4/03/2017,1.0,2.0,539.0,69.0,-37.7877,144.8398
ID519732882,11/63 Edgar St N,1,t,345000.0,14/05/2016,1.0,1.0,745.0,49.0,-37.8505,145.0459
ID495641586,7 Balfour St,4,h,1940000.0,3/09/2016,2.0,2.0,682.0,59.0,-37.9205,145.0122
ID688987567,46 Osborne Rd,5,h,1550000.0,24/06/2017,3.0,4.0,4221.0,39.0,-37.733709999999995,145.24045
ID751916466,8/58 Sutherland Rd,2,u,592500.0,10/12/2016,1.0,1.0,0.0,49.0,-37.8574,145.0174
ID590882322,3 Glen St,5,h,3500000.0,17/09/2016,1.0,3.0,740.0,89.0,-37.8298,145.0355
ID621888710,3/14 Moffatt Cr,2,u,315000.0,26/08/2017,1.0,1.0,150.0,34.0,-37.87715,144.69863
ID731305979,2/9 Green St,3,h,710000.0,15/07/2017,1.0,2.0,314.0,30.0,-37.81953,145.24907
ID945702841,67 Hawkhurst St,3,h,1115000.0,1/07/2017,1.0,2.0,446.0,29.0,-37.82004000000001,144.87174
ID879870653,3/33 Gourlay St,2,u,540000.0,27/06/2016,1.0,1.0,483.0,49.0,-37.8727,144.9969
ID200216683,1 Albion Ct,3,h,650000.0,23/09/2017,2.0,2.0,913.0,14.0,-37.85152,144.70802
ID684713110,56 Middle St,3,h,725000.0,13/05/2017,1.0,2.0,585.0,6.0,-37.71,144.9464
ID537978153,118/862 Glenferrie Rd,2,u,610000.0,4/03/2017,2.0,1.0,85.0,5.0,-37.8154,145.0369
ID380847324,3 Jika Pl,3,h,915000.0,24/09/2016,3.0,1.0,140.0,119.0,-37.8148,144.9912
ID878813687,20 Scottsdale St,4,h,2160000.0,25/02/2017,3.0,4.0,1064.0,50.0,-37.8324,145.1018
ID835237521,26 Octantis St,4,h,1390000.0,8/07/2017,3.0,2.0,664.0,41.0,-37.77813,145.16558
ID255838549,99 Peppercorn Pde,3,h,552000.0,12/08/2017,1.0,2.0,549.0,39.0,-37.64992,145.04256999999996
ID554415040,4/49 Coorigil Rd,3,u,945000.0,20/05/2017,1.0,2.0,1103.0,32.0,-37.8958,145.0603
ID489466758,119A Harold St,4,h,1605000.0,16/09/2017,2.0,2.0,348.0,89.0,-37.75582,144.98951
ID841958672,4 Blyth St,3,h,1120000.0,4/03/2017,1.0,2.0,506.0,89.0,-37.8693,144.8375
ID435421029,81 Quinn Gr,5,h,700000.0,22/05/2016,2.0,2.0,629.0,49.0,-37.7423,144.869
ID956831738,13/52 Moubray St,1,u,442500.0,25/02/2017,1.0,0.0,0.0,49.0,-37.8421,144.9517
ID300021941,10/40 Young St,2,t,515000.0,12/11/2016,1.0,1.0,1981.0,13.0,-37.7677,144.9221
ID133130624,77 McIlwraith St,4,h,1908000.0,28/05/2016,2.0,1.0,256.0,129.0,-37.7833,144.9681
ID699885851,371 Elgar Rd,2,h,1320000.0,3/09/2016,1.0,1.0,613.0,69.0,-37.8238,145.1135
ID182130787,5 Bent St,4,h,1445000.0,7/05/2016,3.0,2.0,384.0,99.0,-37.7617,144.9272
ID520679846,75 Queen St,2,h,775000.0,13/05/2017,1.0,1.0,314.0,29.0,-37.7485,144.9502
ID890883808,32 Roberts St,4,h,1500000.0,12/08/2017,2.0,2.0,465.0,79.0,-37.75178,144.89876
ID834826772,35 Cobblestone Dr,3,h,690000.0,8/07/2017,2.0,2.0,545.0,14.0,-37.644259999999996,145.1
ID631401044,20 Emma St,2,h,1015000.0,8/10/2016,1.0,0.0,117.0,14.0,-37.7948,144.9861
ID894565209,2/95 Dodds St,2,u,623000.0,7/05/2016,1.0,1.0,0.0,24.0,-37.828,144.9683
ID394009304,29 Weybridge St,4,h,2360000.0,13/05/2017,2.0,2.0,764.0,89.0,-37.81800000000001,145.0946
ID499661758,121 High St,4,h,1910000.0,1/07/2017,2.0,3.0,737.0,39.0,-37.86231,145.07213000000004
ID904072878,2/118 Bruce St,3,t,640000.0,10/12/2016,1.0,2.0,119.0,24.0,-37.7403,144.9491
ID802995532,28/8 Hull St,2,u,450000.0,11/02/2017,1.0,1.0,0.0,19.0,-37.8173,144.9965
ID305219216,41 Mountfield St,3,h,1450000.0,20/05/2017,1.0,2.0,304.0,7.0,-37.762,144.9678
ID905672610,9 Ayr St,4,h,670000.0,16/04/2016,2.0,2.0,578.0,39.0,-37.7064,145.0321
ID815452204,4/91 Wellington St,1,u,475000.0,30/07/2016,1.0,1.0,0.0,59.0,-37.8569,144.9885
ID784968145,34 Fewster Dr,3,h,970000.0,26/08/2017,2.0,2.0,674.0,38.0,-37.8836,145.22805
ID129259322,106/26 Shuter St,3,u,565000.0,10/09/2016,2.0,1.0,0.0,18.0,-37.7672,144.9209
ID986412544,59 Moubray St,3,h,2100000.0,23/09/2017,2.0,2.0,137.0,129.0,-37.84388,144.95303
ID743512109,30 Station St,3,h,1755000.0,4/02/2016,1.0,1.0,931.0,49.0,-37.854,145.1195
ID904072878,2/118 Bruce St,3,t,640000.0,10/12/2016,1.0,2.0,119.0,24.0,-37.7403,144.9491
ID214125672,15/703 Orrong Rd,2,u,1400000.0,27/06/2016,2.0,2.0,2927.0,59.0,-37.8414,145.0137
ID689261493,2/119 Summerhill Rd,3,t,760000.0,8/04/2017,1.0,1.0,219.0,8.0,-37.796,144.8819
ID970196558,11/94 Union St,2,u,583000.0,6/08/2016,2.0,1.0,0.0,8.0,-37.7793,144.9972
ID814552668,21 Henty St,3,h,801000.0,13/05/2017,1.0,1.0,551.0,69.0,-37.7194,145.0015
ID433071320,7/21 Lillimur Rd,1,u,447000.0,27/11/2016,1.0,1.0,0.0,13.0,-37.9016,145.0414
ID841879863,5 Bullarto St,2,h,1002000.0,13/08/2016,1.0,1.0,585.0,69.0,-37.8792,145.0948
ID608340711,1/37 Yongala St,3,h,1255000.0,4/06/2016,2.0,2.0,308.0,18.0,-37.8056,145.0788
ID716433773,65 Gatehouse Dr,3,h,852000.0,3/09/2016,1.0,1.0,166.0,19.0,-37.7929,144.9197
ID178719188,60 Orana Dr,3,h,880000.0,6/05/2017,1.0,4.0,555.0,69.0,-37.713,145.0894
ID982933304,5/46 Kororoit Creek Rd,2,u,546000.0,8/04/2017,1.0,1.0,2023.0,40.0,-37.8573,144.8854
ID258801902,87 Orrong Rd,3,h,1750000.0,19/11/2016,2.0,2.0,517.0,119.0,-37.8813,145.0063
ID719646046,11 Aminga Ct,3,h,840500.0,23/09/2017,1.0,2.0,850.0,9.0,-37.78297,145.28773999999999
ID231919652,1/125 Riversdale Rd,2,u,697000.0,27/05/2017,1.0,1.0,0.0,17.0,-37.82887,145.03676000000004
ID584785642,37 Dunstan Ave,3,h,905000.0,19/08/2017,1.0,1.0,277.0,39.0,-37.7592,144.97321000000005
ID127517172,18 Molesworth Ct,4,h,1276000.0,12/08/2017,2.0,1.0,323.0,74.0,-37.794290000000004,144.87412
ID813977640,18 Barnett St,3,h,700000.0,22/05/2016,1.0,4.0,505.0,59.0,-37.7817,144.8448
ID362978071,202/8 Bond St,2,u,850000.0,3/12/2016,2.0,2.0,0.0,5.0,-37.8411,144.9944
ID406629835,19 Charles St,3,h,1290000.0,22/07/2017,2.0,1.0,196.0,109.0,-37.776509999999995,144.99074
ID206171424,83 Elizabeth St,3,h,2000000.0,6/05/2017,1.0,2.0,1070.0,79.0,-37.836,144.8784
ID736774119,5/16 Omar St,3,t,640000.0,3/12/2016,2.0,2.0,214.0,99.0,-37.7806,144.8714
ID234351591,22 Evelyn St,6,h,1361000.0,17/06/2017,3.0,4.0,726.0,39.0,-37.91945,145.1315
ID585720827,176 Albert St,2,h,911000.0,16/09/2017,1.0,1.0,132.0,114.0,-37.7697,144.96866
ID593404129,124 Yarra St,3,h,1876000.0,7/05/2016,2.0,0.0,245.0,109.0,-37.8024,144.9993
ID647621189,5 Boronia St,6,h,1650000.0,28/05/2016,3.0,2.0,713.0,91.0,-37.8328,145.10399999999996
ID331776550,2/23 Whitmuir Rd,3,u,641500.0,22/04/2017,1.0,1.0,681.0,59.0,-37.9145,145.0287
ID469249728,13 Gunnedah St,3,h,760000.0,27/11/2016,1.0,2.0,534.0,49.0,-37.7789,144.8209
ID624795164,6/217 Brighton Rd,2,u,525000.0,3/12/2016,1.0,1.0,553.0,59.0,-37.8802,144.9942
ID728453268,13 Gish Ct,5,h,800000.0,23/04/2016,2.0,1.0,808.0,49.0,-37.7091,144.9491
ID933657616,4/51 Yarra St,2,t,705000.0,6/08/2016,1.0,1.0,182.0,46.0,-37.7587,145.0657
ID354510876,252 Millers Rd,4,h,693000.0,22/05/2016,2.0,4.0,315.0,11.0,-37.8391,144.8467
ID622194877,10/37 Greville St,1,u,325000.0,6/08/2016,1.0,1.0,0.0,119.0,-37.8486,144.9872
ID263327879,8/36 Power St,2,u,600000.0,4/03/2017,1.0,1.0,0.0,5.0,-37.816,145.0272
ID188206918,2402/163 City Rd,2,u,505000.0,8/04/2017,1.0,1.0,0.0,49.0,-37.8242,144.9626
ID592262811,8/11 Brentwood St,2,u,360000.0,6/08/2016,1.0,1.0,0.0,54.0,-37.9332,145.045
ID679219517,31 Powell St,3,h,1005000.0,4/03/2017,2.0,4.0,466.0,89.0,-37.7266,145.0004
ID120942843,34 Ernest St,4,h,890000.0,12/11/2016,1.0,2.0,668.0,89.0,-37.7796,144.845
ID478535174,17 Minogue St,5,h,2100000.0,18/06/2016,3.0,2.0,695.0,69.0,-37.7904,145.0548
ID372824537,51 Joseph St,4,h,1151000.0,9/09/2017,2.0,2.0,923.0,74.0,-37.800959999999996,145.1488
ID395122512,41 Davies St,4,h,772500.0,4/06/2016,2.0,2.0,595.0,36.0,-37.7116,144.9468
ID442423848,1/77 Abinger St,2,u,660000.0,29/07/2017,1.0,1.0,4422.0,7.0,-37.82009,145.0038
ID253270354,5 Rubens Ct,4,h,1035000.0,27/05/2017,2.0,2.0,702.0,7.0,-37.91075,145.18758
ID568878119,52 Alexander St,2,h,990000.0,18/03/2017,1.0,2.0,306.0,89.0,-37.8037,144.8893
ID934603079,75 Sutherland Rd,3,h,1285000.0,25/02/2017,1.0,2.0,186.0,99.0,-37.8554,145.0173
ID980120312,47 Pasco St,4,h,1920000.0,15/07/2017,2.0,0.0,388.0,119.0,-37.86159,144.89926
ID705346442,210/10 Hillingdon Pl,2,u,510000.0,23/04/2016,1.0,1.0,0.0,20.0,-37.8513,144.9943
ID909312287,170 Ayr St,4,h,1250000.0,14/05/2016,2.0,3.0,767.0,56.0,-37.7735,145.1044
ID472768341,29 Glenroy Rd,3,h,820000.0,22/04/2017,1.0,1.0,697.0,59.0,-37.7073,144.9355
ID394030978,24 Norris St,4,h,792000.0,26/07/2016,2.0,1.0,320.0,69.0,-37.7242,144.9612
ID529429686,7 Colclough Ct,5,h,880000.0,30/07/2016,3.0,2.0,387.0,59.0,-37.7225,144.9055
ID639991099,15/20 Florence Rd,3,u,880000.0,11/02/2017,1.0,2.0,217.0,49.0,-37.8287,145.1014
ID894699975,292 Rathmines St,3,h,1275000.0,20/05/2017,1.0,2.0,517.0,69.0,-37.7638,145.0182
ID169188392,47 Hoddle St,3,h,1085000.0,27/06/2016,1.0,1.0,325.0,119.0,-37.7525,144.9232
ID215890938,73 Monash St,3,h,840000.0,29/04/2017,1.0,1.0,462.0,89.0,-37.7894,144.8383
ID236764414,1/28 Seves St,3,h,712000.0,17/09/2016,1.0,2.0,363.0,6.0,-37.8674,144.8375
ID643631423,95 Bank St,2,h,1151000.0,23/09/2017,1.0,0.0,128.0,129.0,-37.832809999999995,144.96633
ID763338641,2A Mills St,2,t,1500000.0,29/04/2017,1.0,1.0,115.0,129.0,-37.8441,144.9598
ID898687535,51 Victory Bvd,2,h,1575000.0,4/03/2017,1.0,2.0,679.0,9.0,-37.869,145.0822
ID668159649,163 Rowans Rd,3,h,836000.0,3/12/2016,1.0,4.0,695.0,49.0,-37.9364,145.0559
ID776327573,3811/80 Abeckett St,2,u,450000.0,7/11/2016,1.0,1.0,0.0,5.0,-37.8091,144.9609
ID470552573,21 Russell St,4,t,1425000.0,8/10/2016,2.0,2.0,154.0,21.0,-37.8298,145.0537
ID482671044,17 Adeney St,3,h,982500.0,15/07/2017,2.0,2.0,444.0,74.0,-37.81662,144.866
ID438281576,1/57 Brooks St,3,h,780000.0,17/09/2016,2.0,2.0,421.0,69.0,-37.9168,145.0809
ID770155877,9 Randolph St,3,h,1460000.0,29/07/2017,1.0,1.0,259.0,59.0,-37.81628,145.02125
ID798002773,2/6 Farnsworth St,2,h,435000.0,30/07/2016,1.0,1.0,155.0,79.0,-37.7796,144.8384
ID623950372,90 McIntyre Rd,3,h,490000.0,29/04/2017,1.0,1.0,546.0,59.0,-37.7676,144.8307
ID896866713,4/178 Power St,2,u,517000.0,14/05/2016,1.0,1.0,0.0,129.0,-37.8261,145.0254
ID390315365,2/65 Evelyn Rd,2,u,602000.0,17/06/2017,1.0,1.0,209.0,23.0,-37.79894,145.22697
ID830928677,1 Bardia St,3,h,726500.0,1/07/2017,1.0,0.0,593.0,69.0,-37.7482,145.04073
ID413585102,308/800 Chapel St,2,u,762500.0,8/07/2017,1.0,1.0,17200.0,16.0,-37.83613,144.99661
ID712750943,16 Flowerdale Rd,5,h,2000000.0,14/05/2016,3.0,1.0,696.0,99.0,-37.8563,145.0709
ID897730524,66 Roseberry St,3,h,1825000.0,17/09/2016,2.0,2.0,431.0,69.0,-37.8269,145.0496
ID426212419,6/32 Walsh St,2,u,562000.0,1/07/2017,1.0,1.0,0.0,49.0,-37.90286,145.04772
ID490573247,18 Shelley St,2,h,584000.0,12/06/2016,1.0,1.0,428.0,69.0,-37.7418,145.0513
ID689057437,30 Boldrewood Pde,3,h,670500.0,22/08/2016,1.0,2.0,654.0,7.0,-37.7229,145.0225
ID715075191,1 Hosken St,5,h,2800000.0,26/08/2017,2.0,2.0,1173.0,59.0,-37.80385,145.09094
ID450331368,2 Vincent St,5,h,3730000.0,3/09/2016,3.0,2.0,919.0,94.0,-37.8637,145.0438
ID328141733,4/1 Oconnell St,2,u,380000.0,25/02/2017,1.0,1.0,128.0,49.0,-37.715,145.043
ID991664142,61 Canterbury Rd,3,h,751000.0,22/07/2017,1.0,2.0,693.0,69.0,-37.825359999999996,145.24893
ID629864680,5 Cresser St,4,h,1200000.0,27/11/2016,1.0,4.0,633.0,59.0,-37.8375,144.8541
ID491443874,14/1102 Lygon St,1,u,437000.0,24/09/2016,1.0,1.0,0.0,49.0,-37.7798,144.9707
ID576408625,21 Ardyne St,4,h,1610000.0,15/10/2016,2.0,2.0,660.0,99.0,-37.8932,145.0681
ID520575102,7 Brook St,3,h,2000000.0,6/08/2016,2.0,1.0,460.0,79.0,-37.8155,145.019
ID444948638,22 Miami St,3,h,1650000.0,6/08/2016,2.0,2.0,302.0,99.0,-37.8348,145.0453
ID544957238,4/5 Miles St,2,u,595000.0,8/04/2017,1.0,1.0,0.0,21.0,-37.8288,144.9679
ID806375015,12/881 Park St,1,u,300000.0,7/11/2016,1.0,0.0,0.0,59.0,-37.7763,144.947
ID419748094,208/465 MacAulay Rd,2,u,460000.0,23/04/2016,1.0,1.0,0.0,9.0,-37.7948,144.9314
ID747263667,5/7 Warrigal Rd,2,u,400000.0,17/09/2016,1.0,1.0,100.0,44.0,-37.8945,145.0876
ID263802830,9 Hawthorn Dr,3,h,505000.0,27/05/2017,1.0,1.0,663.0,24.0,-37.86658,144.71221
ID761157909,28 Atkin St,4,h,550000.0,8/07/2017,2.0,2.0,1241.0,49.0,-37.686859999999996,144.58157
ID430000794,6 Robinson St,4,h,1640000.0,16/07/2016,2.0,1.0,435.0,99.0,-37.7601,144.9228
ID326608096,2 Riley Ct,4,h,850000.0,8/10/2016,2.0,2.0,606.0,17.0,-37.788000000000004,144.862
ID238988822,167 Clarke St,5,h,4300000.0,24/09/2016,4.0,3.0,569.0,109.0,-37.7763,144.9964
ID285681311,4/27 McMahon Rd,2,u,465000.0,16/09/2017,1.0,1.0,676.0,7.0,-37.71176,145.02142
ID602099598,11/33 Rankins Rd,2,u,666000.0,13/08/2016,1.0,2.0,1111.0,21.0,-37.7896,144.9321
ID465181795,25/510 Glenferrie Rd,1,u,348000.0,3/12/2016,1.0,1.0,0.0,69.0,-37.8303,145.0341
ID934494890,1/104 Cheddar Rd,3,h,410000.0,15/10/2016,1.0,1.0,250.0,59.0,-37.6974,145.0213
ID638521104,32/10 Acland St,1,u,380000.0,4/06/2016,1.0,1.0,2879.0,52.0,-37.863,144.9747
ID700601025,310/53 Batman St,1,u,380000.0,15/07/2017,1.0,0.0,68.0,6.0,-37.810959999999994,144.95147
ID482618344,11 Gaskell Ct,3,h,820000.0,17/06/2017,2.0,2.0,530.0,12.0,-37.88893,144.7866
ID977917804,2/55 Garnet St,3,t,820000.0,7/11/2016,2.0,1.0,229.0,7.0,-37.7462,144.8873
ID874417701,10 Valiant St,2,h,1097000.0,8/10/2016,1.0,2.0,220.0,119.0,-37.801,144.9989
ID949872886,12 Newstead St,4,h,1900000.0,17/09/2016,3.0,8.0,865.0,6.0,-37.7682,144.8971
ID754128462,4/29 Margaret St,2,t,585500.0,18/03/2017,1.0,1.0,161.0,6.0,-37.7218,144.9188
ID985782484,44 Webb St,3,h,1200000.0,3/06/2017,1.0,0.0,2978.0,3.0,-37.74135,145.22405
ID576340421,43/100 Commercial Rd,3,u,1230000.0,3/12/2016,2.0,2.0,0.0,21.0,-37.8453,144.9849
ID990758895,44 Quarry Cct,2,u,425000.0,30/07/2016,2.0,1.0,0.0,49.0,-37.7363,144.9723
ID525474774,1249 North Rd,3,h,865000.0,17/09/2016,1.0,2.0,691.0,69.0,-37.9109,145.0995
ID616179009,42a Essex Rd,4,h,1725000.0,18/06/2016,2.0,2.0,798.0,44.0,-37.8308,145.0916
ID960125994,87 Aquarius Dr,3,h,565000.0,8/07/2017,1.0,2.0,713.0,39.0,-38.16483,145.16383000000005
ID719163703,4 Clematis Pl,5,h,621000.0,10/12/2016,2.0,2.0,596.0,22.0,-37.7981,144.7936
ID732660718,40 Ridley St,5,h,905000.0,3/09/2017,2.0,3.0,732.0,94.0,-37.78345,144.82295
ID351443554,9 South St,3,h,646000.0,12/11/2016,1.0,2.0,574.0,49.0,-37.7157,144.9507
ID343522930,5/78 Moonya Rd,3,t,675000.0,4/06/2016,2.0,1.0,0.0,29.0,-37.8972,145.0642
ID291518862,20 Penn Ct,3,h,662000.0,7/05/2016,2.0,2.0,620.0,59.0,-37.7034,144.9663
ID255393777,45 Severn Cr,4,h,936000.0,8/07/2017,2.0,2.0,675.0,39.0,-37.91692000000001,145.25896
ID764463824,21 Bruce St,3,h,1535000.0,28/08/2016,2.0,2.0,572.0,89.0,-37.9148,145.0404
ID999613719,3/220 Warrigal Rd,2,u,435000.0,12/11/2016,1.0,1.0,896.0,59.0,-37.8479,145.0958
ID783263737,16/5 Murrumbeena Rd,2,u,550000.0,15/07/2017,2.0,1.0,1039.0,54.0,-37.88519,145.06715
ID280517833,3/107 Wattle Valley Rd,3,h,1650000.0,3/12/2016,2.0,2.0,305.0,21.0,-37.8365,145.0802
ID838049219,13 Naroo St,4,h,1800000.0,8/10/2016,2.0,2.0,577.0,71.0,-37.8032,145.0693
ID660932675,23/10 Breese St,2,u,501000.0,18/03/2017,1.0,1.0,1140.0,9.0,-37.7634,144.9616
ID462740203,9/55 Moreland St,2,u,605000.0,4/03/2017,1.0,3.0,2794.0,19.0,-37.8044,144.9064
ID731253218,7 Monmouth St,3,h,650000.0,15/10/2016,1.0,3.0,574.0,7.0,-37.7627,144.857
ID402014959,1/77 Wattletree Rd,2,u,660000.0,4/03/2017,1.0,1.0,0.0,24.0,-37.8619,145.0257
ID226631506,6 McNeilage St,2,h,832500.0,7/05/2016,1.0,2.0,562.0,69.0,-37.8333,144.8868
ID189584643,35 Angelique Gr,3,h,506000.0,19/08/2017,1.0,2.0,544.0,39.0,-37.74965,144.77008999999995
ID897541002,1/5 Leonard St,4,t,1680000.0,12/08/2017,2.0,1.0,254.0,24.0,-37.81007,145.06792
ID184705470,53 Milne St,3,h,1350000.0,3/06/2017,2.0,2.0,809.0,44.0,-37.75289,145.12826
ID775988922,7/226 Glenlyon Rd,1,u,320000.0,19/08/2017,1.0,1.0,682.0,39.0,-37.7734,144.97686000000004
ID537968630,71 Victor Rd,4,h,1475000.0,18/03/2017,2.0,2.0,674.0,16.0,-37.9272,145.0786
ID168574055,40 Grove Rd,4,h,548000.0,12/08/2017,2.0,2.0,400.0,9.0,-37.5951,144.9091
ID515677359,43 David St,4,h,890000.0,15/07/2017,1.0,1.0,499.0,6.0,-37.86639,144.82625
ID700014456,147 Bank St,3,h,2200000.0,29/07/2017,2.0,1.0,195.0,162.0,-37.83381,144.96287
ID583633684,2/26 Wicklow St,3,u,940000.0,23/04/2016,2.0,1.0,382.0,21.0,-37.9061,145.0478
ID619088844,1/87 Orange St,2,u,690000.0,19/08/2017,2.0,1.0,212.0,11.0,-37.91786,145.08243000000004
ID983143674,15 Robb St,3,h,1620000.0,22/07/2017,1.0,1.0,393.0,6.0,-37.757690000000004,144.91051000000004
ID406349342,23 Lennox St,3,h,1430000.0,25/02/2017,3.0,2.0,386.0,79.0,-37.816,144.8936
ID140459075,2/50 Lillimur Rd,1,u,327000.0,8/07/2017,1.0,1.0,0.0,59.0,-37.89976,145.04215
ID994748045,405/250 Barkly St,2,u,370000.0,18/06/2016,1.0,1.0,0.0,12.0,-37.7992,144.8961
ID564067685,64 MacEdon Rd,4,h,1358500.0,28/08/2016,2.0,2.0,742.0,59.0,-37.7701,145.1131
ID550924927,673 Canning St,3,h,1628000.0,27/05/2017,1.0,0.0,216.0,11.0,-37.78026,144.97554
ID610209334,66 Fromer St,3,h,1470000.0,11/02/2017,2.0,2.0,613.0,69.0,-37.929,145.0464
ID806644313,5 Virginia St,3,h,600000.0,23/04/2016,1.0,4.0,557.0,64.0,-37.7156,144.94299999999996
ID337093436,23 Thurloo St,3,h,1000000.0,6/08/2016,1.0,2.0,606.0,13.0,-37.8784,145.0958
ID328458236,42 Sadie St,3,h,822000.0,4/03/2017,1.0,4.0,700.0,69.0,-37.6988,144.9438
ID358251856,72 Military Rd,4,h,680000.0,24/09/2016,2.0,2.0,554.0,59.0,-37.7649,144.8633
ID876736889,45 Milford St,3,t,962000.0,3/12/2016,2.0,2.0,283.0,8.0,-37.8477,144.8753
ID153659342,4/54 Yarra St,2,u,375000.0,17/09/2016,1.0,1.0,0.0,49.0,-37.8504,144.8924
ID367033162,6 McShane St,3,h,779000.0,18/06/2016,1.0,2.0,945.0,34.0,-37.7027,145.0001
ID443621119,802/127 Beach St,2,u,1250000.0,4/03/2017,2.0,2.0,0.0,7.0,-37.8399,144.9287
ID980251295,8/203 Auburn Rd,1,u,320000.0,15/10/2016,1.0,1.0,0.0,129.0,-37.827,145.0444
ID340764497,25 Templemore Dr,4,h,1350000.0,12/08/2017,2.0,2.0,1025.0,39.0,-37.75334,145.16655
ID214528441,164 Coogee La,5,h,1410000.0,10/12/2016,2.0,2.0,195.0,9.0,-37.8643,144.8935
ID826487291,49 Romano Av,4,h,550000.0,8/07/2017,2.0,1.0,531.0,49.0,-37.65121,145.05404
ID917290902,1 Walter St,4,h,1030000.0,7/05/2016,2.0,2.0,803.0,17.0,-37.7932,144.8434
ID343307192,189 Rathmines St,3,h,1500000.0,27/11/2016,1.0,1.0,0.0,109.0,-37.7714,145.0173
ID759521669,3 Oshannassy St,3,h,1580000.0,4/06/2016,2.0,2.0,758.0,44.0,-37.7401,144.9013
ID412844587,21 Croker St,3,h,810000.0,12/11/2016,1.0,1.0,390.0,49.0,-37.847,144.8734
ID460843199,2/16 Braemar St,2,u,520000.0,15/10/2016,1.0,2.0,0.0,44.0,-37.7486,144.9072
ID928669692,12/29 Champion Rd,2,u,380000.0,18/06/2016,1.0,1.0,0.0,59.0,-37.8564,144.8864
ID431171351,10 Woodmason St,3,h,2355000.0,18/06/2016,2.0,4.0,471.0,34.0,-37.851,145.0316
ID371894095,8/97 Verdon St,2,u,465000.0,13/05/2017,1.0,1.0,0.0,49.0,-37.8589,144.8921
ID628128278,9/370 Orrong Rd,2,u,570000.0,12/11/2016,1.0,1.0,0.0,49.0,-37.8625,145.0103
ID425594519,3/18 Gillies St,2,u,730000.0,11/02/2017,1.0,1.0,116.0,34.0,-37.7818,145.0161
ID442165063,27 Glen Dr,3,h,1816000.0,12/11/2016,1.0,2.0,846.0,64.0,-37.7666,145.0591
ID830856125,77 Chapel Rd,3,h,920000.0,28/05/2016,1.0,1.0,653.0,69.0,-37.9392,145.0481
ID268901541,116/88 Park St,2,u,560000.0,30/07/2016,2.0,1.0,0.0,156.0,-37.8331,144.9683
ID202451789,22 Cavanagh St,4,h,1740000.0,29/07/2017,2.0,2.0,721.0,9.0,-37.9641,145.06547
ID954131847,6212/172 Edward St,2,u,590000.0,17/09/2016,2.0,1.0,0.0,5.0,-37.7753,144.9725
ID282914632,33a Durrant St,2,h,1532000.0,22/08/2016,1.0,2.0,411.0,109.0,-37.9095,145.004
ID982820083,12 Stott St,3,h,1225000.0,23/04/2016,1.0,2.0,307.0,109.0,-37.764,144.9976
ID655510294,13/25 Barkly St,2,u,585000.0,27/11/2016,1.0,1.0,0.0,129.0,-37.7985,144.9745
ID310490153,1/1484 Malvern Rd,2,u,500000.0,1/07/2017,1.0,1.0,0.0,54.0,-37.85399,145.04699
ID719575535,38 Bent St,2,h,1060000.0,12/08/2017,1.0,1.0,283.0,59.0,-37.76218,144.92886000000001
ID578563847,2/37 Bonanza Rd,3,t,900000.0,29/07/2017,2.0,2.0,243.0,49.0,-37.98214,145.05175
ID656369420,10 Hansen Rd,4,h,950000.0,15/07/2017,2.0,4.0,2033.0,49.0,-37.86669000000001,145.29959
ID262876157,9/3 Irving St,2,u,570500.0,4/03/2017,1.0,2.0,0.0,49.0,-37.8597,145.0318
ID161671429,2/28 Broadmeadows Rd,2,u,470000.0,15/07/2017,1.0,1.0,161.0,59.0,-37.705859999999994,144.87947
ID803777000,24 Talbot St,3,h,631500.0,18/06/2016,1.0,3.0,593.0,54.0,-37.7133,144.947
ID593711302,13 Wheatland Cr,4,h,955000.0,3/09/2017,2.0,2.0,615.0,24.0,-37.967459999999996,145.12788
ID302077033,20 Blandford Cr,3,h,650000.0,15/07/2017,1.0,2.0,787.0,24.0,-37.82737,145.2938
ID686409406,392 Station St,2,h,2400000.0,12/11/2016,2.0,0.0,413.0,119.0,-37.7875,144.9759
ID588041142,7 Wellington St,2,h,867000.0,3/06/2017,1.0,1.0,208.0,89.0,-37.74373,144.95783
ID805776513,3/40 Rowland St,2,u,891000.0,28/05/2016,1.0,1.0,121.0,10.0,-37.8126,145.0534
ID122864778,1a Mair St,3,h,2600000.0,6/08/2016,2.0,3.0,588.0,99.0,-37.9287,144.99200000000005
ID555895810,1/1 Perry St,4,t,1105000.0,30/07/2016,2.0,2.0,220.0,4.0,-37.9387,145.0398
ID310767961,15 Alberta St,3,h,845000.0,1/07/2017,1.0,2.0,422.0,69.0,-37.796440000000004,144.86388
ID346380172,26 Coghill St,3,h,578000.0,1/07/2017,2.0,1.0,308.0,69.0,-37.67485,144.88995
ID488368871,44 Miller St,4,h,2100000.0,28/05/2016,1.0,0.0,440.0,17.0,-37.8056,144.9463
ID729181151,3 Brian St,3,h,625000.0,10/12/2016,1.0,2.0,585.0,59.0,-37.695,144.9676
ID505881907,3 Oak St,4,h,3100000.0,26/08/2017,2.0,3.0,832.0,113.0,-37.83564000000001,145.10918999999996
ID349135228,199 Barkers Rd,4,h,2150000.0,20/05/2017,4.0,2.0,543.0,59.0,-37.8144,145.0358
ID149584374,8B Moorong St,4,h,890000.0,4/02/2016,3.0,2.0,288.0,5.0,-37.8801,145.1051
ID239081691,24 McConnell St,2,h,1150000.0,17/06/2017,1.0,0.0,147.0,129.0,-37.79067,144.92844
ID320745191,30 Davidson St,5,h,925000.0,24/09/2016,3.0,4.0,922.0,5.0,-37.6961,144.9865
ID224491039,10 Fenton St,2,h,1053000.0,6/08/2016,1.0,1.0,269.0,119.0,-37.7748,144.929
ID896866713,4/178 Power St,2,u,517000.0,14/05/2016,1.0,1.0,0.0,129.0,-37.8261,145.0254
ID783773639,18 Stewart St,3,h,1455000.0,23/09/2017,2.0,2.0,351.0,109.0,-37.81111,144.88759
ID517185900,3 Belinda Ct,4,h,1015000.0,28/08/2016,2.0,3.0,625.0,22.0,-37.9374,145.0726
ID825582238,5 Armstrong St,3,h,1200000.0,24/06/2017,1.0,4.0,807.0,823.0,-37.86788,145.12121000000005
ID688993557,42 Lyon Rd,4,h,1042500.0,17/09/2016,2.0,2.0,648.0,44.0,-37.7363,145.0851
ID912108448,6/13 Ulupna Rd,1,u,296000.0,17/09/2016,1.0,1.0,0.0,49.0,-37.9028,145.0426
ID673550196,14 Glengala Ct,4,h,900000.0,3/09/2017,2.0,2.0,530.0,39.0,-37.98368,145.09237
ID137573372,34 Stanford Cl,3,h,670000.0,16/09/2017,2.0,2.0,350.0,59.0,-37.69592,144.96381
ID493990054,5/77 Dover Rd,2,u,513500.0,14/05/2016,1.0,1.0,0.0,39.0,-37.8536,144.8981
ID158348453,2 Farncomb St,3,h,801000.0,12/11/2016,1.0,2.0,431.0,69.0,-37.781,144.9207
ID973019134,7 Morrow St,3,h,910000.0,22/08/2016,1.0,2.0,717.0,69.0,-37.7525,144.9321
ID961403735,2/118 Holmes Rd,2,u,330000.0,22/05/2016,1.0,1.0,0.0,49.0,-37.7654,144.9094
ID237515899,3/716 Orrong Rd,3,u,1860000.0,12/08/2017,2.0,2.0,0.0,89.0,-37.8404,145.01425
ID947134251,8/25 Karingal St,2,u,505000.0,12/08/2017,1.0,1.0,297.0,12.0,-37.76793,145.29283999999996
ID779981691,51 Bay St,4,h,2800000.0,15/07/2017,3.0,2.0,498.0,119.0,-37.90396,144.99126
ID671764333,1/26 Chaleyer St,3,u,470000.0,18/03/2017,1.0,2.0,159.0,49.0,-37.7277,145.0248
ID540591361,10 Shore Gr,3,t,830000.0,29/07/2017,2.0,2.0,275.0,11.0,-37.731559999999995,144.97087
ID397621137,4 Bellara St,3,h,990000.0,27/06/2016,1.0,1.0,746.0,9.0,-37.7933,145.1417
ID875923658,39 Wilkinson St,2,h,800000.0,3/09/2017,1.0,0.0,140.0,129.0,-37.76806,144.9598
ID308225456,2/36 Empire St,2,u,310000.0,17/09/2016,1.0,1.0,0.0,6.0,-37.7878,144.8919
ID755923554,1/22 Volga St,3,t,510000.0,16/04/2016,2.0,2.0,234.0,7.0,-37.707,144.9411
ID909323862,280 Francis St,3,h,850000.0,13/08/2016,1.0,1.0,444.0,15.0,-37.8193,144.8753
ID230336326,14 Derham St,4,h,1300000.0,27/05/2017,2.0,2.0,730.0,26.0,-37.8257,144.87552
ID941021373,20 Edward St,2,h,725000.0,29/04/2017,1.0,2.0,606.0,59.0,-37.709,144.9646
ID431331607,102/11 Hillingdon Pl,2,u,698000.0,27/05/2017,1.0,1.0,0.0,119.0,-37.85163,144.9943
ID980652479,107/88 Altona St,1,u,360000.0,10/12/2016,1.0,1.0,4267.0,129.0,-37.7966,144.9254
ID339547884,3/963 High St,2,u,406000.0,6/05/2017,1.0,1.0,0.0,8.0,-37.7093,145.0083
ID956368992,47 Shepherd St,3,h,871000.0,13/05/2017,1.0,1.0,267.0,119.0,-37.7951,144.8901
ID607223967,9/3 Boston Rd,2,u,800000.0,22/07/2017,1.0,1.0,0.0,59.0,-37.81675,145.07716000000005
ID835240600,2/203 Booran Rd,2,u,790000.0,26/08/2017,1.0,1.0,919.0,9.0,-37.8981,145.03551000000004
ID735857387,250 Hawthorn Rd,4,h,1050000.0,17/06/2017,2.0,2.0,651.0,44.0,-37.848420000000004,145.1816
ID845812437,1/39 Neville St,3,h,870000.0,28/08/2016,2.0,1.0,326.0,69.0,-37.9236,145.0545
ID221385069,1 Dunlavin Rd,4,h,890000.0,23/09/2017,2.0,2.0,481.0,54.0,-37.80961,145.1847
ID214696548,2/25 Fernhill St,2,u,960000.0,15/07/2017,1.0,1.0,229.0,29.0,-37.876059999999995,145.15951
ID899450238,3/859 Toorak Rd,3,t,1590000.0,19/11/2016,2.0,2.0,289.0,9.0,-37.8451,145.0525
ID663540495,7/18 Kelso St,2,u,546000.0,8/10/2016,1.0,1.0,0.0,39.0,-37.8282,144.9897
ID972703436,94 Sterling Dr,3,h,570000.0,22/05/2016,1.0,2.0,542.0,49.0,-37.7408,144.8553
ID850656381,4 Milleara Rd,4,t,886000.0,10/12/2016,3.0,1.0,322.0,69.0,-37.7293,144.8659
ID415983259,1 Graeme Cl,4,h,2000000.0,10/12/2016,3.0,2.0,507.0,33.0,-37.7738,145.1308
ID154126652,39 Keon St,3,h,1020000.0,18/03/2017,1.0,1.0,366.0,49.0,-37.7524,144.9912
ID301454059,49 Leopold St,4,h,2600000.0,18/03/2017,2.0,2.0,141.0,139.0,-37.8366,144.9827
ID414680961,8/121 Thomas St,2,u,802000.0,3/12/2016,1.0,1.0,0.0,54.0,-37.939,145.0137
ID592995033,15 Ellendale St,3,h,1038000.0,28/05/2016,2.0,1.0,207.0,16.0,-37.7893,145.092
ID418395441,53 Northernhay St,4,h,1215000.0,17/09/2016,2.0,4.0,748.0,54.0,-37.7247,145.0096
ID261197004,35 Astley St,3,h,900000.0,27/05/2017,1.0,1.0,575.0,39.0,-37.720890000000004,145.11987
ID649611691,8 Meakin St,3,h,705000.0,27/05/2017,1.0,1.0,538.0,59.0,-37.70178,145.0851
ID166768429,152 Gooch St,3,h,1427000.0,19/11/2016,1.0,1.0,275.0,99.0,-37.7592,145.0105
ID133247978,88 Chirnside St,1,h,750000.0,15/10/2016,1.0,0.0,272.0,119.0,-37.8086,144.8824
ID916890740,11 Murray St,3,h,1240000.0,9/09/2017,2.0,2.0,784.0,12.0,-37.75947,144.92542
ID188063021,2/25 Ruskin Av,3,u,625500.0,15/07/2017,1.0,2.0,397.0,69.0,-37.79795,145.2957
ID659674656,7 Stewart St,4,h,1340000.0,18/03/2017,2.0,0.0,297.0,119.0,-37.8108,144.888
ID674759108,28 Walnut Rd,4,h,1950000.0,14/05/2016,3.0,2.0,665.0,49.0,-37.7889,145.0904
ID933616376,404 Bay St,2,h,1016500.0,10/09/2016,1.0,1.0,131.0,19.0,-37.8352,144.9458
ID546947437,8/192 Cecil St,1,u,460000.0,8/04/2017,1.0,1.0,0.0,49.0,-37.8344,144.9581
ID845421761,24B Dow St,2,t,1100000.0,13/05/2017,1.0,1.0,327.0,15.0,-37.8351,144.964
ID270555160,2/576 Riversdale Rd,2,u,670000.0,1/07/2017,1.0,1.0,0.0,44.0,-37.83202,145.06095
ID303799136,5 Peyton Dr,4,h,800000.0,29/07/2017,2.0,2.0,674.0,29.0,-37.65639,145.06518
ID971192699,24/384 Toorak Rd,1,u,367000.0,22/05/2016,1.0,0.0,0.0,69.0,-37.8406,145.0035
ID159516024,14 Robert St,3,h,1060000.0,26/08/2017,1.0,2.0,602.0,69.0,-37.98656,145.08237
ID687947234,80 Gamon St,2,h,815000.0,30/07/2016,1.0,0.0,172.0,119.0,-37.81,144.8896
ID946582877,90 Murray Rd,2,h,799900.0,10/12/2016,1.0,2.0,460.0,44.0,-37.7397,145.0209
ID833671835,33 Starboard Dr,3,h,530500.0,1/07/2017,2.0,2.0,400.0,7.0,-37.61042,145.11932
ID582648725,21 Hatherley Gr,3,h,750000.0,4/03/2017,1.0,3.0,554.0,49.0,-37.8449,144.85
ID634729475,12 Tait St,4,h,815000.0,28/05/2016,2.0,1.0,369.0,109.0,-37.7914,144.8957
ID455756947,39 Elimatta Rd,3,h,1430000.0,22/05/2016,2.0,2.0,603.0,74.0,-37.9023,145.0568
ID757397993,16 Woodfull Wy,4,h,681000.0,19/08/2017,2.0,2.0,647.0,39.0,-37.64213,145.06141000000005
ID777193501,17/459 Waterdale Rd,2,u,444000.0,27/05/2017,1.0,1.0,94.0,69.0,-37.74432,145.04721
ID929039505,8/9 Coppin Gr,2,u,1022000.0,3/06/2017,1.0,1.0,2267.0,89.0,-37.82193,145.01748999999995
ID140497191,29 Traill St,5,h,1700000.0,27/06/2016,3.0,1.0,450.0,89.0,-37.7701,144.9886
ID603344595,30 Corsair St,2,h,1210000.0,29/04/2017,1.0,0.0,178.0,8.0,-37.8226,145.0064
ID648922168,16 Vincent St,4,h,3500000.0,7/05/2016,2.0,2.0,859.0,68.0,-37.8625,145.04399999999995
ID255597319,14/205 Gipps St,2,u,750000.0,17/06/2017,1.0,1.0,2379.0,6.0,-37.80554,144.99612
ID853681108,98 Epsom Rd,3,h,971000.0,4/06/2016,2.0,2.0,285.0,119.0,-37.775,144.9091
ID508022593,10/140 Kerferd Rd,2,u,647000.0,22/05/2016,1.0,1.0,0.0,109.0,-37.846,144.9542
ID715247088,1201/565 Flinders St,2,u,683000.0,22/04/2017,2.0,1.0,1136.0,10.0,-37.8211,144.9559
ID390184934,20 Bradfield La,1,t,425000.0,8/04/2017,1.0,1.0,0.0,19.0,-37.7886,144.9253
ID549334237,61/120 Sturt St,2,u,642500.0,17/06/2017,1.0,1.0,8888.0,25.0,-37.82481,144.96669
ID514607302,5 Gwelo St,3,h,935000.0,27/11/2016,2.0,3.0,466.0,79.0,-37.8019,144.8663
ID580958809,2 Kokaribb Rd,2,h,930000.0,18/06/2016,1.0,1.0,264.0,89.0,-37.8864,145.0561
ID448174478,3 Estelle St,3,h,1045000.0,11/02/2017,1.0,2.0,602.0,69.0,-37.8923,145.1013
ID584531251,22 Ebony Dr,4,h,725000.0,12/08/2017,1.0,2.0,542.0,39.0,-37.68238,145.06432
ID571001860,1 Bloomfield Rd,3,h,1305000.0,28/05/2016,1.0,1.0,278.0,119.0,-37.7768,144.9223
ID917434396,29 Grantham St,4,h,988000.0,19/11/2016,1.0,1.0,384.0,49.0,-37.7733,144.9491
ID430747990,2 Yanchep Ct,3,h,600000.0,23/09/2017,2.0,2.0,657.0,21.0,-37.71176,144.80271000000005
ID229046796,45 Droop St,3,h,1045000.0,16/07/2016,2.0,2.0,384.0,49.0,-37.7976,144.8976
ID211207527,45 Bordeaux St,4,h,1545000.0,29/04/2017,3.0,2.0,647.0,54.0,-37.7819,145.1184
ID440901282,50 McCormack St,2,h,1260000.0,16/09/2017,1.0,2.0,112.0,19.0,-37.8379,144.94651000000005
ID846374436,4/313 Dandenong Rd,1,u,330000.0,6/08/2016,1.0,1.0,0.0,49.0,-37.8595,145.0076
ID611004377,7 MacKay St,3,t,1463000.0,23/09/2017,2.0,2.0,15.0,21.0,-37.84969,145.00056999999995
ID416691597,1/3 Greig Ct,2,u,635000.0,22/07/2017,1.0,1.0,371.0,10.0,-37.87872,144.98893999999999
ID698580972,148 West St,4,h,600500.0,10/09/2016,2.0,1.0,462.0,49.0,-37.7062,144.9387
ID918666488,1/135 Brunswick Rd,2,t,600000.0,22/04/2017,1.0,1.0,109.0,8.0,-37.7778,144.9683
ID432717515,4/47 Surrey St,4,t,665000.0,26/07/2016,2.0,2.0,148.0,18.0,-37.7231,144.9482
ID121128694,26/11 Marine Pde,1,u,354000.0,30/07/2016,1.0,1.0,1659.0,59.0,-37.8699,144.9764
ID740428881,13 McKay St,3,h,1150000.0,8/10/2016,1.0,0.0,176.0,119.0,-37.8116,145.0042
ID461535341,6 Buckley St,3,h,1425000.0,3/09/2016,2.0,2.0,684.0,69.0,-37.7585,144.9317
ID729092159,3/6 Miller St,2,t,1190000.0,27/05/2017,1.0,2.0,57.0,119.0,-37.84839,145.0013
ID201481372,81 Carpenter St,4,t,2900000.0,8/04/2017,4.0,2.0,473.0,6.0,-37.9104,144.9999
ID625732064,1/4 Tedesco Ct,3,h,515000.0,16/09/2017,2.0,1.0,251.0,7.0,-37.90918,144.68325
ID289317444,1/31 Surrey Dr,3,t,705000.0,16/04/2016,2.0,1.0,440.0,24.0,-37.7517,144.8776
ID936606567,75/285 City Rd,1,u,370000.0,30/07/2016,1.0,1.0,546.0,19.0,-37.8274,144.9587
ID609616491,23 Hart St,2,h,603000.0,4/03/2017,1.0,1.0,272.0,69.0,-37.7294,144.888
ID453879426,2 View Ct,2,h,1910000.0,7/05/2016,2.0,4.0,696.0,19.0,-37.9249,144.9903
ID312391096,4/314 Neerim Rd,2,u,525000.0,4/06/2016,1.0,2.0,0.0,10.0,-37.8893,145.0589
ID846188226,201/61 Stawell St,1,u,410000.0,27/06/2016,1.0,1.0,0.0,11.0,-37.821999999999996,145.0104
ID698372335,5/36 King St,2,u,395000.0,18/03/2017,1.0,1.0,0.0,44.0,-37.7461,144.9058
ID129397034,1/3 Littlewood St,2,u,898000.0,19/11/2016,1.0,1.0,266.0,49.0,-37.9344,145.004
ID362551598,22/17 Ellesmere Rd,2,u,650000.0,28/05/2016,1.0,1.0,0.0,5.0,-37.8574,145.0006
ID736376071,3/1 Elm St,1,u,480000.0,13/08/2016,1.0,1.0,0.0,79.0,-37.8128,145.0171
ID975947253,300 Tucker Rd,4,h,1900000.0,8/07/2017,2.0,2.0,700.0,99.0,-37.9075,145.05329
ID813346234,18 Molesworth Ct,3,h,660000.0,28/05/2016,1.0,1.0,321.0,44.0,-37.7943,144.8741
ID320657955,96 Verdon St,4,h,2500000.0,26/08/2017,1.0,5.0,866.0,99.0,-37.85908,144.89299
ID739878131,443 Geelong Rd,3,h,725000.0,24/09/2016,1.0,5.0,558.0,79.0,-37.8119,144.868
ID671019202,18 Vincent St,4,h,902000.0,17/06/2017,2.0,4.0,726.0,59.0,-37.93058,145.16308
ID542371223,20 Albert Cr,4,h,2720000.0,26/08/2017,3.0,2.0,1005.0,99.0,-37.82421,145.10352
ID120199472,5/67 Flinders St,2,u,601000.0,28/05/2016,1.0,1.0,82.0,18.0,-37.7556,145.0062
ID928407720,1/6 Union St,2,t,731000.0,22/07/2017,1.0,1.0,217.0,14.0,-37.75671,145.11401
ID470343421,15 McGregor St,2,h,1690000.0,13/08/2016,1.0,1.0,145.0,89.0,-37.852,144.9654
ID575429683,13 Simpson St,3,h,1100000.0,4/03/2017,2.0,0.0,214.0,109.0,-37.8175,144.8929
ID991796096,6/581 Orrong Rd,1,u,405000.0,29/04/2017,1.0,0.0,0.0,53.0,-37.8531,145.0115
ID481105288,102 Palmerston St,4,h,405000.0,24/06/2017,2.0,2.0,590.0,49.0,-37.67815,144.58355
ID637977008,76 Castlemaine St,3,h,935000.0,6/05/2017,1.0,0.0,212.0,13.0,-37.8143,144.8883
ID807448735,42 Grant St,3,h,1500000.0,8/04/2017,1.0,1.0,230.0,119.0,-37.788000000000004,144.9967
ID613803373,3/4 Murrell St,2,t,434500.0,19/11/2016,1.0,1.0,125.0,44.0,-37.7042,144.9211
ID919040955,1d Bute St,3,u,975000.0,7/05/2016,2.0,1.0,277.0,44.0,-37.8936,145.0709
ID203094912,1/40 Grandview Rd,3,u,691000.0,24/06/2017,1.0,1.0,170.0,79.0,-37.736979999999996,144.98686
ID574963238,5/125 Locksley Rd,2,u,460000.0,16/04/2016,0.0,0.0,0.0,29.0,-37.7662,145.0516
ID330779980,1/108 Truganini Rd,3,t,970000.0,14/05/2016,2.0,2.0,325.0,14.0,-37.8933,145.0546
ID640182712,160 Hyde St,3,h,871000.0,3/12/2016,2.0,2.0,428.0,54.0,-37.8167,144.8965
ID287872526,124 Abbott St,3,h,1651000.0,22/07/2017,2.0,1.0,390.0,69.0,-37.95035,145.01571
ID597857266,63 The Corso,4,h,2475000.0,26/08/2017,3.0,3.0,665.0,3.0,-37.99508,145.07544
ID118354598,11 Kalista Ct,3,h,1180000.0,1/07/2017,1.0,1.0,563.0,14.0,-37.85771,145.15466
ID852310255,2/11 Winfield Rd,2,t,860000.0,10/12/2016,2.0,2.0,204.0,27.0,-37.8008,145.10399999999996
ID547355155,7 Grieve St,4,h,2575000.0,10/09/2016,3.0,2.0,657.0,13.0,-37.7981,145.0904
ID465702618,33/1 St Kilda Rd,2,u,575000.0,3/12/2016,1.0,1.0,0.0,49.0,-37.8573,144.9825
ID604801645,105/766 Whitehorse Rd,2,u,665000.0,10/12/2016,2.0,2.0,1291.0,40.0,-37.8167,145.1118
ID222967688,181 Dendy St,4,h,2300000.0,27/05/2017,3.0,2.0,592.0,7.0,-37.92173,145.01436
ID245827581,251 Bell St,2,h,760000.0,8/07/2017,1.0,2.0,378.0,99.0,-37.740109999999994,144.95266999999996
ID702425161,3/15 Mitchell St,2,u,570000.0,12/11/2016,1.0,1.0,628.0,59.0,-37.8681,144.9844
ID795362707,222 Barkly St,5,h,2500000.0,19/11/2016,2.0,2.0,555.0,129.0,-37.7767,144.9645
ID367934943,40 Ironbark Dr,8,h,1150000.0,4/06/2016,4.0,3.0,668.0,54.0,-37.7733,145.1198
ID752420133,4/38 MacFarlan St,2,u,965000.0,3/12/2016,2.0,2.0,2143.0,21.0,-37.8393,144.9886
ID419192628,21 Diamond St,3,h,840000.0,13/08/2016,1.0,2.0,603.0,69.0,-37.7484,144.8892
ID964029585,7 Centurion Ct,3,h,646000.0,23/09/2017,2.0,2.0,716.0,40.0,-37.64206,145.03703000000004
ID924158306,34 Essex St,3,h,775000.0,10/09/2016,1.0,1.0,406.0,59.0,-37.7269,144.9447
ID908238436,2 Rindlebrook Pl,3,h,900000.0,12/08/2017,2.0,2.0,0.0,49.0,-37.75912,145.28886
ID224829880,4/83 Grange Rd,3,t,1550000.0,15/10/2016,2.0,2.0,117.0,19.0,-37.8343,145.0112
ID510385983,99 Murray Rd,3,h,900000.0,12/11/2016,1.0,1.0,527.0,69.0,-37.7396,145.0174
ID199854251,44 Separation St,4,h,1255000.0,16/09/2017,1.0,1.0,368.0,104.0,-37.77167,145.02015
ID185807681,2005/39 Coventry St,2,u,690000.0,23/04/2016,3.0,1.0,0.0,6.0,-37.8295,144.9692
ID359328165,29 Molesworth St,2,h,850000.0,3/09/2016,1.0,1.0,371.0,89.0,-37.735,144.9589
ID360457425,17 Winter Ct,5,h,725000.0,27/05/2017,2.0,2.0,574.0,49.0,-37.66936,145.05413000000001
ID479301429,7/74 Hawdon St,2,u,534000.0,8/07/2017,1.0,1.0,2033.0,49.0,-37.75715,145.06463
ID771172382,11 Plymouth Ct,3,h,913000.0,17/06/2017,2.0,1.0,431.0,49.0,-37.812059999999995,145.18126999999996
ID695422127,1/70 Bruce St,1,u,392000.0,22/07/2017,1.0,1.0,629.0,54.0,-37.741440000000004,144.99326000000005
ID357203180,349 Park St,2,h,1180000.0,9/09/2017,1.0,0.0,140.0,119.0,-37.83745,144.95459
ID606491507,56 Verdon St,3,h,2910000.0,4/03/2017,3.0,2.0,515.0,29.0,-37.8609,144.8947
ID358809118,95 Bradshaw St,2,h,953000.0,28/08/2016,1.0,1.0,414.0,59.0,-37.7466,144.8941
ID983530989,11/300 Racecourse Rd,2,u,603000.0,8/04/2017,1.0,1.0,0.0,129.0,-37.788000000000004,144.9306
ID255597319,14/205 Gipps St,2,u,750000.0,17/06/2017,1.0,1.0,2379.0,6.0,-37.80554,144.99612
ID719454474,220a Mansfield St,3,h,701000.0,13/08/2016,3.0,2.0,273.0,61.0,-37.7583,145.0174
ID615713063,13 Union St,3,h,735000.0,15/10/2016,1.0,1.0,490.0,49.0,-37.7892,144.8432
ID373343628,15A Lothian St,3,t,1300000.0,11/02/2017,2.0,2.0,67.0,14.0,-37.804,144.9441
ID628950311,13/25 Marnoo St,3,t,441700.0,22/04/2017,2.0,1.0,145.0,16.0,-37.7894,144.8463
ID840149591,9 Manchester St,2,h,1682000.0,24/06/2017,1.0,1.0,264.0,109.0,-37.8285,145.04022
ID161857212,7/30 Walsh St,1,u,250000.0,4/02/2016,1.0,1.0,0.0,59.0,-37.9028,145.0475
ID980413162,78 Valley Pde,4,h,2725000.0,25/02/2017,3.0,2.0,603.0,12.0,-37.8521,145.0657
ID943547734,245 Carrick Dr,3,h,629000.0,12/08/2017,1.0,2.0,552.0,39.0,-37.686409999999995,144.89826000000005
ID860653586,2/105 Raleigh Rd,2,t,479000.0,14/05/2016,2.0,1.0,0.0,64.0,-37.7691,144.8905
ID219281264,2/21 Gregory St,3,u,550000.0,27/11/2016,1.0,1.0,196.0,59.0,-37.7216,144.9157
ID495641586,7 Balfour St,4,h,1940000.0,3/09/2016,2.0,2.0,682.0,59.0,-37.9205,145.0122
ID535884183,26 Canterbury Rd,3,h,1420000.0,8/04/2017,1.0,0.0,112.0,44.0,-37.8447,144.9604
ID497472336,253 Thompsons Rd,4,h,1000000.0,13/08/2016,3.0,2.0,728.0,49.0,-37.768,145.1027
ID189100461,6/11 Seymour Gr,2,u,530000.0,22/05/2016,1.0,1.0,0.0,89.0,-37.8361,145.0599
ID620658518,5/18 William St,3,u,1005000.0,19/11/2016,1.0,1.0,0.0,94.0,-37.909,145.0005
ID274431789,8/6 Ridley St,1,u,145000.0,28/05/2016,1.0,1.0,36.0,99.0,-37.7833,144.8266
ID852210885,6 Alimar Ct,4,h,1410000.0,27/06/2016,2.0,3.0,739.0,49.0,-37.8552,145.1292
ID652511697,2/532 Orrong Rd,2,u,565000.0,28/08/2016,1.0,1.0,0.0,79.0,-37.8573,145.0112
ID775988922,7/226 Glenlyon Rd,1,u,320000.0,19/08/2017,1.0,1.0,682.0,39.0,-37.7734,144.97686000000004
ID819285802,3/14 Rugby Rd,2,u,455000.0,16/04/2016,1.0,2.0,0.0,59.0,-37.8942,145.0867
ID331776550,2/23 Whitmuir Rd,3,u,641500.0,22/04/2017,1.0,1.0,681.0,59.0,-37.9145,145.0287
ID850216227,78 Thomas St,4,h,1686500.0,3/12/2016,2.0,2.0,664.0,54.0,-37.9394,145.0099
ID239081691,24 McConnell St,2,h,1150000.0,17/06/2017,1.0,0.0,147.0,129.0,-37.79067,144.92844
ID508370104,27 Earl St,3,h,1410000.0,24/09/2016,1.0,1.0,519.0,27.0,-37.796,145.0377
ID954887560,17 The Grange,4,h,2250000.0,4/03/2017,1.0,2.0,720.0,49.0,-37.8753,145.0532
ID433502989,404/101 Bay St,2,u,550000.0,4/02/2016,1.0,1.0,0.0,7.0,-37.8408,144.94
ID225536844,15 Ada St,4,h,1005800.0,17/06/2017,2.0,2.0,502.0,16.0,-37.92985,145.25184
ID845812437,1/39 Neville St,3,h,870000.0,28/08/2016,2.0,1.0,326.0,69.0,-37.9236,145.0545
ID367934943,40 Ironbark Dr,8,h,1150000.0,4/06/2016,4.0,3.0,668.0,54.0,-37.7733,145.1198
ID912301136,1/35 Cromwell Rd,3,h,1400000.0,25/02/2017,2.0,2.0,0.0,14.0,-37.8433,145.0001
ID356150603,1/3 Vine St,3,t,502000.0,4/03/2017,1.0,1.0,220.0,8.0,-37.785,144.8561
ID584531251,22 Ebony Dr,4,h,725000.0,12/08/2017,1.0,2.0,542.0,39.0,-37.68238,145.06432
ID289317444,1/31 Surrey Dr,3,t,705000.0,16/04/2016,2.0,1.0,440.0,24.0,-37.7517,144.8776
ID327585517,31 Chappell Pl,4,h,981000.0,19/08/2017,2.0,2.0,633.0,39.0,-37.7393,144.86338999999995
ID992654739,27 The Avenue,4,h,1751000.0,17/06/2017,3.0,2.0,564.0,69.0,-37.73666,144.87725
ID784968145,34 Fewster Dr,3,h,970000.0,26/08/2017,2.0,2.0,674.0,38.0,-37.8836,145.22805
ID255393777,45 Severn Cr,4,h,936000.0,8/07/2017,2.0,2.0,675.0,39.0,-37.91692000000001,145.25896
ID764463824,21 Bruce St,3,h,1535000.0,28/08/2016,2.0,2.0,572.0,89.0,-37.9148,145.0404
ID980413162,78 Valley Pde,4,h,2725000.0,25/02/2017,3.0,2.0,603.0,12.0,-37.8521,145.0657
ID430233025,43 Molesworth St,4,h,800000.0,8/07/2017,2.0,0.0,1151.0,50.0,-38.11336,145.15035
